-- phpMyAdmin SQL Dump
-- version 4.8.5
-- https://www.phpmyadmin.net/
--
-- Servidor: localhost
-- Tiempo de generación: 05-04-2019 a las 02:55:13
-- Versión del servidor: 10.1.38-MariaDB
-- Versión de PHP: 7.3.2

SET SQL_MODE = "NO_AUTO_VALUE_ON_ZERO";
SET AUTOCOMMIT = 0;
START TRANSACTION;
SET time_zone = "+00:00";


/*!40101 SET @OLD_CHARACTER_SET_CLIENT=@@CHARACTER_SET_CLIENT */;
/*!40101 SET @OLD_CHARACTER_SET_RESULTS=@@CHARACTER_SET_RESULTS */;
/*!40101 SET @OLD_COLLATION_CONNECTION=@@COLLATION_CONNECTION */;
/*!40101 SET NAMES utf8mb4 */;

--
-- Base de datos: `pw_grupo04`
--

-- --------------------------------------------------------

--
-- Estructura de tabla para la tabla `clientes`
--

DROP TABLE IF EXISTS `clientes`;
CREATE TABLE `clientes` (
  `id_cliente` int(11) NOT NULL,
  `nombre` varchar(255) COLLATE utf8_spanish_ci NOT NULL,
  `apellido1` varchar(255) COLLATE utf8_spanish_ci DEFAULT NULL,
  `apellido2` varchar(255) COLLATE utf8_spanish_ci DEFAULT NULL,
  `cif` varchar(9) COLLATE utf8_spanish_ci NOT NULL,
  `telefono` varchar(14) COLLATE utf8_spanish_ci NOT NULL,
  `fecha_alta` datetime NOT NULL,
  `email_cli` varchar(255) COLLATE utf8_spanish_ci NOT NULL,
  `contrasenya` varchar(255) COLLATE utf8_spanish_ci NOT NULL,
  `pais` varchar(255) COLLATE utf8_spanish_ci NOT NULL,
  `direccion` varchar(255) COLLATE utf8_spanish_ci NOT NULL,
  `cp` varchar(5) COLLATE utf8_spanish_ci NOT NULL,
  `poblacion` varchar(60) COLLATE utf8_spanish_ci NOT NULL,
  `provin` varchar(60) COLLATE utf8_spanish_ci NOT NULL
) ENGINE=InnoDB DEFAULT CHARSET=utf8 COLLATE=utf8_spanish_ci;

--
-- Volcado de datos para la tabla `clientes`
--

INSERT INTO `clientes` (`id_cliente`, `nombre`, `apellido1`, `apellido2`, `cif`, `telefono`, `fecha_alta`, `email_cli`, `contrasenya`, `pais`, `direccion`, `cp`, `poblacion`, `provin`) VALUES
(1, 'Cooperativa La Safor', NULL, NULL, 'B14222333', '961441122', '2019-03-17 00:00:00', 'lasafor@cooperativa.com', 'lasafor', 'España', 'C/ LIRIA, 29', '46730', 'Gandía', 'Valencia');

-- --------------------------------------------------------

--
-- Estructura de tabla para la tabla `eventos`
--

DROP TABLE IF EXISTS `eventos`;
CREATE TABLE `eventos` (
  `id_evento` int(11) NOT NULL,
  `id_usuario` int(11) NOT NULL,
  `title` varchar(255) COLLATE utf8_spanish_ci NOT NULL,
  `contenido` varchar(255) COLLATE utf8_spanish_ci NOT NULL,
  `start` datetime NOT NULL,
  `end` datetime NOT NULL
) ENGINE=InnoDB DEFAULT CHARSET=utf8 COLLATE=utf8_spanish_ci;

--
-- Volcado de datos para la tabla `eventos`
--

INSERT INTO `eventos` (`id_evento`, `id_usuario`, `title`, `contenido`, `start`, `end`) VALUES
(1, 1, 'Sprint 3', 'Sprint en el que visualizaremos los datos y dispondremos de un calendario al que añadir nuestros eventos.', '2019-03-25 00:00:00', '2019-04-04 23:59:59'),
(2, 1, 'Reunión', 'Reunión en la que estaremos todos los integrantes del equipo', '2019-04-03 09:00:00', '2019-04-01 10:00:00'),
(3, 1, 'raul callate la boca', 'raul callate la boca', '2019-04-01 00:00:00', '2019-04-10 00:00:00');

-- --------------------------------------------------------

--
-- Estructura de tabla para la tabla `mediciones`
--

DROP TABLE IF EXISTS `mediciones`;
CREATE TABLE `mediciones` (
  `idMed` int(11) NOT NULL,
  `idSensorMed` int(11) NOT NULL,
  `temp` float(4,1) NOT NULL,
  `hum` int(3) NOT NULL,
  `light` int(3) NOT NULL,
  `sal` int(3) NOT NULL,
  `pre` float(6,2) NOT NULL,
  `accel` tinyint(1) NOT NULL,
  `latgps` float(11,8) NOT NULL,
  `lnggps` float(11,8) NOT NULL,
  `date` datetime NOT NULL
) ENGINE=InnoDB DEFAULT CHARSET=utf8 COLLATE=utf8_spanish_ci;

--
-- Volcado de datos para la tabla `mediciones`
--

INSERT INTO `mediciones` (`idMed`, `idSensorMed`, `temp`, `hum`, `light`, `sal`, `pre`, `accel`, `latgps`, `lnggps`, `date`) VALUES
(43142, 1, 27.8, 64, 1, 34, 1023.07, 1, 0.11111100, 39.33332825, '2019-01-02 00:00:00'),
(43143, 1, 7.6, 11, 45, 1, 1048.91, 0, 0.11111100, 39.33332825, '2019-01-02 01:00:00'),
(43144, 1, 33.5, 25, 30, 21, 993.33, 0, 0.11111100, 39.33332825, '2019-01-02 02:00:00'),
(43145, 1, 24.6, 54, 18, 29, 1012.44, 1, 0.11111100, 39.33332825, '2019-01-02 03:00:00'),
(43146, 1, 14.2, 78, 18, 89, 975.72, 0, 0.11111100, 39.33332825, '2019-01-02 04:00:00'),
(43147, 1, 0.6, 75, 50, 73, 1009.77, 1, 0.11111100, 39.33332825, '2019-01-02 05:00:00'),
(43148, 1, 21.7, 45, 31, 60, 1019.72, 0, 0.11111100, 39.33332825, '2019-01-02 06:00:00'),
(43149, 1, 3.4, 92, 17, 73, 1016.12, 0, 0.11111100, 39.33332825, '2019-01-02 07:00:00'),
(43150, 1, 11.0, 46, 10, 79, 1038.85, 1, 0.11111100, 39.33332825, '2019-01-02 08:00:00'),
(43151, 1, 7.3, 20, 2, 24, 1029.81, 0, 0.11111100, 39.33332825, '2019-01-02 09:00:00'),
(43152, 1, 3.5, 60, 68, 40, 1001.61, 1, 0.11111100, 39.33332825, '2019-01-02 10:00:00'),
(43153, 1, 10.5, 52, 60, 28, 1007.97, 1, 0.11111100, 39.33332825, '2019-01-02 11:00:00'),
(43154, 1, 5.5, 90, 70, 39, 984.23, 1, 0.11111100, 39.33332825, '2019-01-02 12:00:00'),
(43155, 1, 7.0, 71, 51, 29, 985.33, 1, 0.11111100, 39.33332825, '2019-01-02 13:00:00'),
(43156, 1, 40.0, 86, 99, 21, 964.77, 1, 0.11111100, 39.33332825, '2019-01-02 14:00:00'),
(43157, 1, 39.8, 71, 96, 50, 981.00, 1, 0.11111100, 39.33332825, '2019-01-02 15:00:00'),
(43158, 1, 34.4, 36, 67, 90, 978.86, 1, 0.11111100, 39.33332825, '2019-01-02 16:00:00'),
(43159, 1, 7.6, 5, 19, 69, 955.76, 0, 0.11111100, 39.33332825, '2019-01-02 17:00:00'),
(43160, 1, 28.8, 24, 16, 59, 1003.56, 0, 0.11111100, 39.33332825, '2019-01-02 18:00:00'),
(43161, 1, 10.5, 58, 0, 0, 965.34, 0, 0.11111100, 39.33332825, '2019-01-02 19:00:00'),
(43162, 1, 14.8, 42, 84, 23, 1043.99, 1, 0.11111100, 39.33332825, '2019-01-02 20:00:00'),
(43163, 1, 29.8, 60, 62, 31, 956.22, 0, 0.11111100, 39.33332825, '2019-01-02 21:00:00'),
(43164, 1, 33.4, 50, 1, 27, 964.86, 0, 0.11111100, 39.33332825, '2019-01-02 22:00:00'),
(43165, 1, 20.3, 97, 75, 82, 1008.61, 1, 0.11111100, 39.33332825, '2019-01-02 23:00:00'),
(43166, 1, 0.7, 7, 48, 0, 1022.74, 1, 0.11111100, 39.33332825, '2019-01-03 00:00:00'),
(43167, 1, 38.4, 99, 67, 60, 962.22, 1, 0.11111100, 39.33332825, '2019-01-03 01:00:00'),
(43168, 1, 38.2, 30, 96, 9, 966.59, 0, 0.11111100, 39.33332825, '2019-01-03 02:00:00'),
(43169, 1, 13.5, 85, 32, 70, 1020.72, 1, 0.11111100, 39.33332825, '2019-01-03 03:00:00'),
(43170, 1, 38.6, 60, 34, 72, 1030.43, 1, 0.11111100, 39.33332825, '2019-01-03 04:00:00'),
(43171, 1, 20.0, 74, 58, 57, 1026.38, 0, 0.11111100, 39.33332825, '2019-01-03 05:00:00'),
(43172, 1, 14.3, 39, 59, 23, 1002.53, 1, 0.11111100, 39.33332825, '2019-01-03 06:00:00'),
(43173, 1, 38.3, 40, 88, 42, 986.75, 1, 0.11111100, 39.33332825, '2019-01-03 07:00:00'),
(43174, 1, 36.1, 72, 48, 21, 991.51, 1, 0.11111100, 39.33332825, '2019-01-03 08:00:00'),
(43175, 1, 13.1, 15, 32, 75, 969.42, 0, 0.11111100, 39.33332825, '2019-01-03 09:00:00'),
(43176, 1, 17.4, 90, 3, 51, 1000.13, 1, 0.11111100, 39.33332825, '2019-01-03 10:00:00'),
(43177, 1, 20.1, 32, 49, 2, 1006.99, 1, 0.11111100, 39.33332825, '2019-01-03 11:00:00'),
(43178, 1, 8.1, 19, 83, 18, 1039.71, 1, 0.11111100, 39.33332825, '2019-01-03 12:00:00'),
(43179, 1, 26.3, 20, 93, 38, 1014.57, 0, 0.11111100, 39.33332825, '2019-01-03 13:00:00'),
(43180, 1, 10.3, 20, 12, 89, 1002.13, 0, 0.11111100, 39.33332825, '2019-01-03 14:00:00'),
(43181, 1, 3.3, 21, 13, 79, 1018.71, 0, 0.11111100, 39.33332825, '2019-01-03 15:00:00'),
(43182, 1, 11.1, 1, 24, 75, 988.90, 0, 0.11111100, 39.33332825, '2019-01-03 16:00:00'),
(43183, 1, 4.9, 35, 25, 22, 1030.53, 0, 0.11111100, 39.33332825, '2019-01-03 17:00:00'),
(43184, 1, 2.4, 57, 56, 53, 983.62, 1, 0.11111100, 39.33332825, '2019-01-03 18:00:00'),
(43185, 1, 10.8, 0, 41, 28, 986.84, 0, 0.11111100, 39.33332825, '2019-01-03 19:00:00'),
(43186, 1, 29.9, 91, 16, 88, 1022.08, 0, 0.11111100, 39.33332825, '2019-01-03 20:00:00'),
(43187, 1, 13.5, 44, 56, 17, 991.21, 0, 0.11111100, 39.33332825, '2019-01-03 21:00:00'),
(43188, 1, 4.2, 59, 56, 83, 1026.79, 1, 0.11111100, 39.33332825, '2019-01-03 22:00:00'),
(43189, 1, 28.2, 92, 43, 8, 955.19, 0, 0.11111100, 39.33332825, '2019-01-03 23:00:00'),
(43190, 1, 32.5, 1, 100, 85, 1003.99, 1, 0.11111100, 39.33332825, '2019-01-04 00:00:00'),
(43191, 1, 4.3, 37, 71, 92, 995.32, 1, 0.11111100, 39.33332825, '2019-01-04 01:00:00'),
(43192, 1, 11.8, 60, 29, 83, 951.11, 0, 0.11111100, 39.33332825, '2019-01-04 02:00:00'),
(43193, 1, 2.8, 87, 63, 85, 973.87, 1, 0.11111100, 39.33332825, '2019-01-04 03:00:00'),
(43194, 1, 12.8, 14, 75, 23, 1002.42, 0, 0.11111100, 39.33332825, '2019-01-04 04:00:00'),
(43195, 1, 20.6, 23, 38, 49, 984.62, 1, 0.11111100, 39.33332825, '2019-01-04 05:00:00'),
(43196, 1, 0.5, 26, 53, 27, 977.26, 0, 0.11111100, 39.33332825, '2019-01-04 06:00:00'),
(43197, 1, 2.8, 1, 25, 19, 986.60, 0, 0.11111100, 39.33332825, '2019-01-04 07:00:00'),
(43198, 1, 9.8, 27, 70, 87, 996.12, 0, 0.11111100, 39.33332825, '2019-01-04 08:00:00'),
(43199, 1, 4.1, 44, 56, 46, 1007.67, 1, 0.11111100, 39.33332825, '2019-01-04 09:00:00'),
(43200, 1, 29.1, 71, 99, 76, 1009.31, 0, 0.11111100, 39.33332825, '2019-01-04 10:00:00'),
(43201, 1, 28.2, 19, 64, 66, 993.12, 0, 0.11111100, 39.33332825, '2019-01-04 11:00:00'),
(43202, 1, 28.0, 34, 21, 69, 994.12, 1, 0.11111100, 39.33332825, '2019-01-04 12:00:00'),
(43203, 1, 2.4, 52, 68, 12, 994.26, 0, 0.11111100, 39.33332825, '2019-01-04 13:00:00'),
(43204, 1, 28.4, 91, 39, 41, 1003.92, 0, 0.11111100, 39.33332825, '2019-01-04 14:00:00'),
(43205, 1, 30.5, 22, 64, 23, 958.17, 1, 0.11111100, 39.33332825, '2019-01-04 15:00:00'),
(43206, 1, 20.2, 21, 42, 5, 960.40, 1, 0.11111100, 39.33332825, '2019-01-04 16:00:00'),
(43207, 1, 23.7, 100, 65, 78, 1035.46, 0, 0.11111100, 39.33332825, '2019-01-04 17:00:00'),
(43208, 1, 27.1, 19, 97, 45, 1021.72, 1, 0.11111100, 39.33332825, '2019-01-04 18:00:00'),
(43209, 1, 20.8, 27, 40, 91, 1011.31, 1, 0.11111100, 39.33332825, '2019-01-04 19:00:00'),
(43210, 1, 31.2, 95, 12, 46, 1000.57, 0, 0.11111100, 39.33332825, '2019-01-04 20:00:00'),
(43211, 1, 9.9, 14, 77, 51, 1029.80, 1, 0.11111100, 39.33332825, '2019-01-04 21:00:00'),
(43212, 1, 31.0, 67, 37, 78, 1026.14, 1, 0.11111100, 39.33332825, '2019-01-04 22:00:00'),
(43213, 1, 21.3, 77, 3, 52, 997.45, 1, 0.11111100, 39.33332825, '2019-01-04 23:00:00'),
(43214, 1, 28.9, 88, 69, 57, 1048.62, 0, 0.11111100, 39.33332825, '2019-01-05 00:00:00'),
(43215, 1, 19.0, 99, 52, 76, 1010.67, 1, 0.11111100, 39.33332825, '2019-01-05 01:00:00'),
(43216, 1, 16.9, 72, 94, 50, 1019.13, 1, 0.11111100, 39.33332825, '2019-01-05 02:00:00'),
(43217, 1, 19.7, 39, 80, 94, 1008.15, 0, 0.11111100, 39.33332825, '2019-01-05 03:00:00'),
(43218, 1, 23.4, 20, 89, 30, 1047.74, 1, 0.11111100, 39.33332825, '2019-01-05 04:00:00'),
(43219, 1, 0.9, 0, 100, 100, 960.43, 1, 0.11111100, 39.33332825, '2019-01-05 05:00:00'),
(43220, 1, 3.8, 25, 56, 60, 1025.78, 1, 0.11111100, 39.33332825, '2019-01-05 06:00:00'),
(43221, 1, 24.8, 11, 38, 88, 1021.45, 1, 0.11111100, 39.33332825, '2019-01-05 07:00:00'),
(43222, 1, 32.2, 19, 97, 12, 1019.19, 1, 0.11111100, 39.33332825, '2019-01-05 08:00:00'),
(43223, 1, 15.0, 93, 84, 58, 964.52, 0, 0.11111100, 39.33332825, '2019-01-05 09:00:00'),
(43224, 1, 21.2, 28, 38, 68, 1039.76, 0, 0.11111100, 39.33332825, '2019-01-05 10:00:00'),
(43225, 1, 18.6, 58, 42, 13, 1008.11, 0, 0.11111100, 39.33332825, '2019-01-05 11:00:00'),
(43226, 1, 19.3, 11, 34, 69, 952.47, 0, 0.11111100, 39.33332825, '2019-01-05 12:00:00'),
(43227, 1, 28.1, 21, 55, 96, 1030.41, 0, 0.11111100, 39.33332825, '2019-01-05 13:00:00'),
(43228, 1, 36.3, 43, 14, 54, 994.07, 0, 0.11111100, 39.33332825, '2019-01-05 14:00:00'),
(43229, 1, 33.5, 79, 87, 61, 1015.72, 0, 0.11111100, 39.33332825, '2019-01-05 15:00:00'),
(43230, 1, 10.5, 95, 21, 44, 1011.00, 1, 0.11111100, 39.33332825, '2019-01-05 16:00:00'),
(43231, 1, 7.8, 13, 51, 39, 1022.71, 1, 0.11111100, 39.33332825, '2019-01-05 17:00:00'),
(43232, 1, 12.5, 53, 23, 6, 1014.24, 1, 0.11111100, 39.33332825, '2019-01-05 18:00:00'),
(43233, 1, 14.5, 33, 5, 42, 956.56, 1, 0.11111100, 39.33332825, '2019-01-05 19:00:00'),
(43234, 1, 4.7, 15, 20, 46, 980.72, 1, 0.11111100, 39.33332825, '2019-01-05 20:00:00'),
(43235, 1, 11.0, 19, 67, 69, 966.31, 0, 0.11111100, 39.33332825, '2019-01-05 21:00:00'),
(43236, 1, 3.4, 32, 68, 29, 1045.69, 0, 0.11111100, 39.33332825, '2019-01-05 22:00:00'),
(43237, 1, 7.0, 39, 29, 93, 956.93, 0, 0.11111100, 39.33332825, '2019-01-05 23:00:00'),
(43238, 1, 9.8, 28, 84, 1, 1002.17, 1, 0.11111100, 39.33332825, '2019-01-06 00:00:00'),
(43239, 1, 9.8, 42, 56, 99, 972.78, 0, 0.11111100, 39.33332825, '2019-01-06 01:00:00'),
(43240, 1, 18.6, 75, 10, 91, 1025.60, 0, 0.11111100, 39.33332825, '2019-01-06 02:00:00'),
(43241, 1, 8.2, 97, 38, 41, 1008.29, 1, 0.11111100, 39.33332825, '2019-01-06 03:00:00'),
(43242, 1, 19.5, 62, 78, 7, 975.59, 1, 0.11111100, 39.33332825, '2019-01-06 04:00:00'),
(43243, 1, 5.5, 29, 79, 46, 976.89, 0, 0.11111100, 39.33332825, '2019-01-06 05:00:00'),
(43244, 1, 14.6, 46, 41, 42, 994.52, 1, 0.11111100, 39.33332825, '2019-01-06 06:00:00'),
(43245, 1, 29.6, 14, 69, 14, 983.05, 1, 0.11111100, 39.33332825, '2019-01-06 07:00:00'),
(43246, 1, 0.4, 89, 44, 49, 955.51, 1, 0.11111100, 39.33332825, '2019-01-06 08:00:00'),
(43247, 1, 18.1, 0, 41, 41, 985.67, 0, 0.11111100, 39.33332825, '2019-01-06 09:00:00'),
(43248, 1, 31.0, 89, 70, 97, 1046.38, 0, 0.11111100, 39.33332825, '2019-01-06 10:00:00'),
(43249, 1, 34.9, 86, 42, 9, 1004.02, 0, 0.11111100, 39.33332825, '2019-01-06 11:00:00'),
(43250, 1, 8.4, 80, 16, 0, 1028.01, 0, 0.11111100, 39.33332825, '2019-01-06 12:00:00'),
(43251, 1, 10.8, 46, 62, 74, 958.74, 1, 0.11111100, 39.33332825, '2019-01-06 13:00:00'),
(43252, 1, 10.2, 10, 39, 32, 957.86, 1, 0.11111100, 39.33332825, '2019-01-06 14:00:00'),
(43253, 1, 26.2, 4, 66, 12, 976.22, 1, 0.11111100, 39.33332825, '2019-01-06 15:00:00'),
(43254, 1, 2.9, 91, 77, 28, 952.57, 0, 0.11111100, 39.33332825, '2019-01-06 16:00:00'),
(43255, 1, 19.2, 17, 4, 27, 981.55, 1, 0.11111100, 39.33332825, '2019-01-06 17:00:00'),
(43256, 1, 23.8, 12, 53, 43, 989.88, 1, 0.11111100, 39.33332825, '2019-01-06 18:00:00'),
(43257, 1, 40.0, 23, 34, 18, 957.69, 0, 0.11111100, 39.33332825, '2019-01-06 19:00:00'),
(43258, 1, 6.1, 83, 51, 94, 979.58, 0, 0.11111100, 39.33332825, '2019-01-06 20:00:00'),
(43259, 1, 6.6, 56, 15, 68, 1031.13, 0, 0.11111100, 39.33332825, '2019-01-06 21:00:00'),
(43260, 1, 12.4, 91, 68, 13, 1022.04, 0, 0.11111100, 39.33332825, '2019-01-06 22:00:00'),
(43261, 1, 10.4, 30, 83, 50, 1034.54, 0, 0.11111100, 39.33332825, '2019-01-06 23:00:00'),
(43262, 1, 36.4, 24, 42, 47, 961.56, 0, 0.11111100, 39.33332825, '2019-01-07 00:00:00'),
(43263, 1, 12.7, 63, 73, 75, 1046.03, 1, 0.11111100, 39.33332825, '2019-01-07 01:00:00'),
(43264, 1, 18.4, 5, 36, 25, 1004.85, 1, 0.11111100, 39.33332825, '2019-01-07 02:00:00'),
(43265, 1, 24.1, 36, 66, 88, 1041.14, 1, 0.11111100, 39.33332825, '2019-01-07 03:00:00'),
(43266, 1, 24.3, 24, 46, 100, 1034.92, 1, 0.11111100, 39.33332825, '2019-01-07 04:00:00'),
(43267, 1, 39.3, 74, 20, 70, 989.22, 1, 0.11111100, 39.33332825, '2019-01-07 05:00:00'),
(43268, 1, 4.5, 61, 23, 4, 968.08, 1, 0.11111100, 39.33332825, '2019-01-07 06:00:00'),
(43269, 1, 23.8, 30, 17, 17, 986.22, 1, 0.11111100, 39.33332825, '2019-01-07 07:00:00'),
(43270, 1, 25.6, 72, 6, 64, 956.35, 0, 0.11111100, 39.33332825, '2019-01-07 08:00:00'),
(43271, 1, 18.7, 55, 22, 53, 1025.63, 0, 0.11111100, 39.33332825, '2019-01-07 09:00:00'),
(43272, 1, 6.3, 80, 87, 46, 1030.21, 1, 0.11111100, 39.33332825, '2019-01-07 10:00:00'),
(43273, 1, 36.7, 5, 34, 76, 1007.40, 0, 0.11111100, 39.33332825, '2019-01-07 11:00:00'),
(43274, 1, 17.6, 30, 81, 33, 1031.10, 0, 0.11111100, 39.33332825, '2019-01-07 12:00:00'),
(43275, 1, 2.5, 12, 59, 77, 950.41, 1, 0.11111100, 39.33332825, '2019-01-07 13:00:00'),
(43276, 1, 16.1, 32, 33, 61, 1023.66, 1, 0.11111100, 39.33332825, '2019-01-07 14:00:00'),
(43277, 1, 17.1, 94, 89, 24, 1013.77, 0, 0.11111100, 39.33332825, '2019-01-07 15:00:00'),
(43278, 1, 26.5, 50, 99, 46, 1049.27, 1, 0.11111100, 39.33332825, '2019-01-07 16:00:00'),
(43279, 1, 20.0, 77, 10, 18, 1017.92, 1, 0.11111100, 39.33332825, '2019-01-07 17:00:00'),
(43280, 1, 21.7, 5, 82, 65, 980.53, 0, 0.11111100, 39.33332825, '2019-01-07 18:00:00'),
(43281, 1, 32.1, 19, 93, 15, 1034.57, 0, 0.11111100, 39.33332825, '2019-01-07 19:00:00'),
(43282, 1, 35.8, 86, 35, 5, 1036.41, 0, 0.11111100, 39.33332825, '2019-01-07 20:00:00'),
(43283, 1, 6.7, 3, 88, 58, 1019.27, 1, 0.11111100, 39.33332825, '2019-01-07 21:00:00'),
(43284, 1, 28.7, 88, 64, 33, 974.09, 0, 0.11111100, 39.33332825, '2019-01-07 22:00:00'),
(43285, 1, 23.0, 51, 94, 83, 969.66, 1, 0.11111100, 39.33332825, '2019-01-07 23:00:00'),
(43286, 1, 32.3, 42, 83, 30, 1007.59, 0, 0.11111100, 39.33332825, '2019-01-08 00:00:00'),
(43287, 1, 0.6, 92, 39, 84, 1041.53, 1, 0.11111100, 39.33332825, '2019-01-08 01:00:00'),
(43288, 1, 27.1, 74, 10, 88, 1046.16, 0, 0.11111100, 39.33332825, '2019-01-08 02:00:00'),
(43289, 1, 31.0, 33, 16, 99, 953.34, 0, 0.11111100, 39.33332825, '2019-01-08 03:00:00'),
(43290, 1, 9.1, 24, 72, 29, 1001.23, 1, 0.11111100, 39.33332825, '2019-01-08 04:00:00'),
(43291, 1, 16.1, 95, 28, 68, 985.23, 1, 0.11111100, 39.33332825, '2019-01-08 05:00:00'),
(43292, 1, 32.3, 34, 47, 2, 964.98, 1, 0.11111100, 39.33332825, '2019-01-08 06:00:00'),
(43293, 1, 7.3, 37, 58, 87, 987.28, 1, 0.11111100, 39.33332825, '2019-01-08 07:00:00'),
(43294, 1, 38.1, 100, 24, 3, 1002.75, 1, 0.11111100, 39.33332825, '2019-01-08 08:00:00'),
(43295, 1, 18.6, 49, 47, 94, 1011.27, 0, 0.11111100, 39.33332825, '2019-01-08 09:00:00'),
(43296, 1, 1.9, 100, 60, 3, 1028.42, 1, 0.11111100, 39.33332825, '2019-01-08 10:00:00'),
(43297, 1, 3.8, 86, 95, 31, 982.91, 1, 0.11111100, 39.33332825, '2019-01-08 11:00:00'),
(43298, 1, 2.9, 28, 22, 67, 983.94, 1, 0.11111100, 39.33332825, '2019-01-08 12:00:00'),
(43299, 1, 4.3, 67, 65, 41, 978.41, 1, 0.11111100, 39.33332825, '2019-01-08 13:00:00'),
(43300, 1, 22.8, 11, 3, 25, 1032.79, 1, 0.11111100, 39.33332825, '2019-01-08 14:00:00'),
(43301, 1, 29.5, 15, 45, 18, 1039.17, 0, 0.11111100, 39.33332825, '2019-01-08 15:00:00'),
(43302, 1, 23.5, 29, 62, 98, 998.89, 0, 0.11111100, 39.33332825, '2019-01-08 16:00:00'),
(43303, 1, 0.6, 98, 96, 31, 999.22, 0, 0.11111100, 39.33332825, '2019-01-08 17:00:00'),
(43304, 1, 4.3, 66, 17, 72, 1004.67, 0, 0.11111100, 39.33332825, '2019-01-08 18:00:00'),
(43305, 1, 29.3, 95, 66, 29, 965.29, 1, 0.11111100, 39.33332825, '2019-01-08 19:00:00'),
(43306, 1, 38.0, 27, 12, 87, 1040.92, 0, 0.11111100, 39.33332825, '2019-01-08 20:00:00'),
(43307, 1, 34.3, 42, 4, 0, 997.93, 1, 0.11111100, 39.33332825, '2019-01-08 21:00:00'),
(43308, 1, 21.5, 99, 3, 49, 972.31, 1, 0.11111100, 39.33332825, '2019-01-08 22:00:00'),
(43309, 1, 13.0, 66, 23, 71, 965.57, 1, 0.11111100, 39.33332825, '2019-01-08 23:00:00'),
(43310, 2, 24.2, 4, 94, 7, 1021.11, 1, 0.11111100, 39.33332825, '2019-01-02 00:00:00'),
(43311, 2, 7.6, 3, 32, 77, 1046.42, 1, 0.11111100, 39.33332825, '2019-01-02 01:00:00'),
(43312, 2, 22.7, 19, 41, 14, 1008.60, 1, 0.11111100, 39.33332825, '2019-01-02 02:00:00'),
(43313, 2, 36.4, 60, 61, 34, 1038.07, 1, 0.11111100, 39.33332825, '2019-01-02 03:00:00'),
(43314, 2, 30.0, 36, 26, 36, 1036.84, 0, 0.11111100, 39.33332825, '2019-01-02 04:00:00'),
(43315, 2, 19.0, 80, 90, 19, 1029.09, 0, 0.11111100, 39.33332825, '2019-01-02 05:00:00'),
(43316, 2, 12.2, 18, 4, 57, 987.28, 1, 0.11111100, 39.33332825, '2019-01-02 06:00:00'),
(43317, 2, 23.6, 15, 82, 86, 997.39, 1, 0.11111100, 39.33332825, '2019-01-02 07:00:00'),
(43318, 2, 8.0, 12, 30, 74, 997.11, 0, 0.11111100, 39.33332825, '2019-01-02 08:00:00'),
(43319, 2, 0.1, 64, 28, 70, 968.24, 0, 0.11111100, 39.33332825, '2019-01-02 09:00:00'),
(43320, 2, 13.1, 23, 39, 5, 1040.07, 1, 0.11111100, 39.33332825, '2019-01-02 10:00:00'),
(43321, 2, 20.9, 71, 11, 63, 1011.04, 1, 0.11111100, 39.33332825, '2019-01-02 11:00:00'),
(43322, 2, 11.0, 68, 82, 53, 974.48, 1, 0.11111100, 39.33332825, '2019-01-02 12:00:00'),
(43323, 2, 36.0, 53, 88, 47, 955.29, 0, 0.11111100, 39.33332825, '2019-01-02 13:00:00'),
(43324, 2, 18.2, 14, 76, 32, 987.76, 1, 0.11111100, 39.33332825, '2019-01-02 14:00:00'),
(43325, 2, 12.1, 31, 5, 29, 1016.40, 1, 0.11111100, 39.33332825, '2019-01-02 15:00:00'),
(43326, 2, 5.2, 79, 86, 0, 974.09, 0, 0.11111100, 39.33332825, '2019-01-02 16:00:00'),
(43327, 2, 0.3, 62, 55, 57, 955.13, 1, 0.11111100, 39.33332825, '2019-01-02 17:00:00'),
(43328, 2, 19.3, 100, 0, 60, 977.85, 1, 0.11111100, 39.33332825, '2019-01-02 18:00:00'),
(43329, 2, 29.7, 4, 71, 29, 1039.58, 1, 0.11111100, 39.33332825, '2019-01-02 19:00:00'),
(43330, 2, 33.2, 77, 29, 32, 1011.85, 0, 0.11111100, 39.33332825, '2019-01-02 20:00:00'),
(43331, 2, 28.6, 68, 62, 22, 971.46, 0, 0.11111100, 39.33332825, '2019-01-02 21:00:00'),
(43332, 2, 33.8, 62, 74, 14, 996.68, 0, 0.11111100, 39.33332825, '2019-01-02 22:00:00'),
(43333, 2, 11.5, 12, 76, 98, 953.73, 0, 0.11111100, 39.33332825, '2019-01-02 23:00:00'),
(43334, 2, 3.0, 3, 91, 14, 1049.51, 1, 0.11111100, 39.33332825, '2019-01-03 00:00:00'),
(43335, 2, 25.7, 59, 94, 31, 958.13, 1, 0.11111100, 39.33332825, '2019-01-03 01:00:00'),
(43336, 2, 17.5, 89, 7, 100, 960.70, 0, 0.11111100, 39.33332825, '2019-01-03 02:00:00'),
(43337, 2, 36.3, 70, 19, 64, 1036.53, 1, 0.11111100, 39.33332825, '2019-01-03 03:00:00'),
(43338, 2, 32.0, 41, 80, 9, 980.18, 1, 0.11111100, 39.33332825, '2019-01-03 04:00:00'),
(43339, 2, 11.4, 33, 94, 64, 1040.65, 1, 0.11111100, 39.33332825, '2019-01-03 05:00:00'),
(43340, 2, 4.1, 82, 100, 10, 1042.03, 0, 0.11111100, 39.33332825, '2019-01-03 06:00:00'),
(43341, 2, 21.0, 41, 36, 60, 999.87, 0, 0.11111100, 39.33332825, '2019-01-03 07:00:00'),
(43342, 2, 36.7, 76, 63, 58, 1043.13, 0, 0.11111100, 39.33332825, '2019-01-03 08:00:00'),
(43343, 2, 36.2, 30, 12, 62, 1040.10, 0, 0.11111100, 39.33332825, '2019-01-03 09:00:00'),
(43344, 2, 9.0, 8, 76, 15, 997.87, 0, 0.11111100, 39.33332825, '2019-01-03 10:00:00'),
(43345, 2, 14.1, 95, 92, 42, 971.88, 0, 0.11111100, 39.33332825, '2019-01-03 11:00:00'),
(43346, 2, 24.8, 97, 99, 80, 969.64, 0, 0.11111100, 39.33332825, '2019-01-03 12:00:00'),
(43347, 2, 17.2, 54, 27, 76, 1028.57, 1, 0.11111100, 39.33332825, '2019-01-03 13:00:00'),
(43348, 2, 38.6, 19, 23, 92, 1003.26, 1, 0.11111100, 39.33332825, '2019-01-03 14:00:00'),
(43349, 2, 36.0, 11, 93, 46, 1004.15, 0, 0.11111100, 39.33332825, '2019-01-03 15:00:00'),
(43350, 2, 25.1, 27, 97, 6, 973.70, 0, 0.11111100, 39.33332825, '2019-01-03 16:00:00'),
(43351, 2, 31.0, 98, 42, 16, 1012.71, 0, 0.11111100, 39.33332825, '2019-01-03 17:00:00'),
(43352, 2, 33.6, 36, 64, 98, 1022.79, 1, 0.11111100, 39.33332825, '2019-01-03 18:00:00'),
(43353, 2, 16.9, 18, 82, 90, 994.81, 0, 0.11111100, 39.33332825, '2019-01-03 19:00:00'),
(43354, 2, 22.1, 92, 40, 11, 1043.14, 0, 0.11111100, 39.33332825, '2019-01-03 20:00:00'),
(43355, 2, 30.9, 78, 21, 48, 962.94, 1, 0.11111100, 39.33332825, '2019-01-03 21:00:00'),
(43356, 2, 7.0, 48, 64, 76, 974.58, 0, 0.11111100, 39.33332825, '2019-01-03 22:00:00'),
(43357, 2, 24.9, 36, 48, 52, 959.79, 1, 0.11111100, 39.33332825, '2019-01-03 23:00:00'),
(43358, 2, 11.3, 95, 35, 58, 1029.73, 0, 0.11111100, 39.33332825, '2019-01-04 00:00:00'),
(43359, 2, 18.0, 70, 75, 24, 1003.79, 0, 0.11111100, 39.33332825, '2019-01-04 01:00:00'),
(43360, 2, 11.3, 88, 94, 34, 970.37, 0, 0.11111100, 39.33332825, '2019-01-04 02:00:00'),
(43361, 2, 22.9, 72, 52, 8, 996.42, 1, 0.11111100, 39.33332825, '2019-01-04 03:00:00'),
(43362, 2, 29.6, 45, 72, 98, 1008.53, 0, 0.11111100, 39.33332825, '2019-01-04 04:00:00'),
(43363, 2, 12.3, 67, 24, 63, 1007.79, 1, 0.11111100, 39.33332825, '2019-01-04 05:00:00'),
(43364, 2, 35.2, 43, 1, 86, 959.78, 1, 0.11111100, 39.33332825, '2019-01-04 06:00:00'),
(43365, 2, 25.7, 8, 5, 88, 1003.93, 0, 0.11111100, 39.33332825, '2019-01-04 07:00:00'),
(43366, 2, 26.4, 83, 46, 36, 984.69, 1, 0.11111100, 39.33332825, '2019-01-04 08:00:00'),
(43367, 2, 6.2, 58, 91, 3, 1035.14, 1, 0.11111100, 39.33332825, '2019-01-04 09:00:00'),
(43368, 2, 33.9, 16, 47, 63, 987.54, 0, 0.11111100, 39.33332825, '2019-01-04 10:00:00'),
(43369, 2, 2.9, 53, 46, 28, 958.18, 1, 0.11111100, 39.33332825, '2019-01-04 11:00:00'),
(43370, 2, 14.9, 28, 44, 53, 976.10, 1, 0.11111100, 39.33332825, '2019-01-04 12:00:00'),
(43371, 2, 25.2, 5, 63, 97, 1046.37, 1, 0.11111100, 39.33332825, '2019-01-04 13:00:00'),
(43372, 2, 8.7, 53, 78, 3, 989.94, 1, 0.11111100, 39.33332825, '2019-01-04 14:00:00'),
(43373, 2, 7.1, 29, 4, 17, 999.06, 0, 0.11111100, 39.33332825, '2019-01-04 15:00:00'),
(43374, 2, 38.0, 9, 30, 89, 1035.08, 1, 0.11111100, 39.33332825, '2019-01-04 16:00:00'),
(43375, 2, 20.0, 47, 74, 84, 1017.37, 1, 0.11111100, 39.33332825, '2019-01-04 17:00:00'),
(43376, 2, 1.5, 73, 40, 81, 956.38, 0, 0.11111100, 39.33332825, '2019-01-04 18:00:00'),
(43377, 2, 16.6, 19, 53, 34, 1014.95, 0, 0.11111100, 39.33332825, '2019-01-04 19:00:00'),
(43378, 2, 21.6, 63, 34, 27, 995.06, 0, 0.11111100, 39.33332825, '2019-01-04 20:00:00'),
(43379, 2, 5.7, 86, 29, 4, 1044.46, 0, 0.11111100, 39.33332825, '2019-01-04 21:00:00'),
(43380, 2, 24.9, 4, 99, 40, 980.93, 1, 0.11111100, 39.33332825, '2019-01-04 22:00:00'),
(43381, 2, 22.4, 89, 60, 84, 963.93, 1, 0.11111100, 39.33332825, '2019-01-04 23:00:00'),
(43382, 2, 9.5, 23, 42, 62, 953.07, 0, 0.11111100, 39.33332825, '2019-01-05 00:00:00'),
(43383, 2, 37.4, 86, 5, 32, 971.02, 1, 0.11111100, 39.33332825, '2019-01-05 01:00:00'),
(43384, 2, 39.2, 33, 68, 89, 997.43, 0, 0.11111100, 39.33332825, '2019-01-05 02:00:00'),
(43385, 2, 35.3, 67, 96, 88, 984.65, 0, 0.11111100, 39.33332825, '2019-01-05 03:00:00'),
(43386, 2, 24.9, 2, 74, 17, 952.64, 1, 0.11111100, 39.33332825, '2019-01-05 04:00:00'),
(43387, 2, 16.8, 49, 92, 91, 1027.40, 0, 0.11111100, 39.33332825, '2019-01-05 05:00:00'),
(43388, 2, 5.3, 49, 26, 4, 1012.68, 1, 0.11111100, 39.33332825, '2019-01-05 06:00:00'),
(43389, 2, 7.4, 71, 32, 64, 997.14, 1, 0.11111100, 39.33332825, '2019-01-05 07:00:00'),
(43390, 2, 9.0, 53, 13, 4, 970.07, 1, 0.11111100, 39.33332825, '2019-01-05 08:00:00'),
(43391, 2, 11.7, 98, 83, 26, 983.48, 1, 0.11111100, 39.33332825, '2019-01-05 09:00:00'),
(43392, 2, 12.0, 54, 8, 88, 993.43, 1, 0.11111100, 39.33332825, '2019-01-05 10:00:00'),
(43393, 2, 29.7, 35, 51, 54, 973.46, 0, 0.11111100, 39.33332825, '2019-01-05 11:00:00'),
(43394, 2, 15.6, 75, 8, 77, 1040.89, 1, 0.11111100, 39.33332825, '2019-01-05 12:00:00'),
(43395, 2, 6.4, 79, 61, 40, 1018.84, 0, 0.11111100, 39.33332825, '2019-01-05 13:00:00'),
(43396, 2, 20.0, 57, 42, 36, 1031.35, 1, 0.11111100, 39.33332825, '2019-01-05 14:00:00'),
(43397, 2, 28.4, 80, 82, 18, 1041.50, 1, 0.11111100, 39.33332825, '2019-01-05 15:00:00'),
(43398, 2, 16.7, 52, 2, 57, 1039.47, 1, 0.11111100, 39.33332825, '2019-01-05 16:00:00'),
(43399, 2, 21.1, 90, 97, 18, 991.54, 1, 0.11111100, 39.33332825, '2019-01-05 17:00:00'),
(43400, 2, 32.2, 39, 61, 52, 1036.67, 1, 0.11111100, 39.33332825, '2019-01-05 18:00:00'),
(43401, 2, 31.0, 31, 52, 48, 974.58, 1, 0.11111100, 39.33332825, '2019-01-05 19:00:00'),
(43402, 2, 9.4, 86, 63, 73, 986.70, 1, 0.11111100, 39.33332825, '2019-01-05 20:00:00'),
(43403, 2, 21.9, 66, 24, 28, 1010.91, 1, 0.11111100, 39.33332825, '2019-01-05 21:00:00'),
(43404, 2, 18.2, 73, 63, 47, 977.30, 0, 0.11111100, 39.33332825, '2019-01-05 22:00:00'),
(43405, 2, 12.6, 66, 92, 45, 1031.73, 0, 0.11111100, 39.33332825, '2019-01-05 23:00:00'),
(43406, 2, 39.4, 97, 47, 80, 976.11, 0, 0.11111100, 39.33332825, '2019-01-06 00:00:00'),
(43407, 2, 19.3, 91, 47, 21, 970.25, 0, 0.11111100, 39.33332825, '2019-01-06 01:00:00'),
(43408, 2, 36.8, 57, 2, 0, 1042.60, 0, 0.11111100, 39.33332825, '2019-01-06 02:00:00'),
(43409, 2, 9.0, 67, 23, 84, 1048.77, 0, 0.11111100, 39.33332825, '2019-01-06 03:00:00'),
(43410, 2, 7.5, 63, 80, 10, 1016.58, 1, 0.11111100, 39.33332825, '2019-01-06 04:00:00'),
(43411, 2, 2.5, 0, 60, 35, 1004.40, 0, 0.11111100, 39.33332825, '2019-01-06 05:00:00'),
(43412, 2, 13.4, 69, 57, 76, 986.99, 0, 0.11111100, 39.33332825, '2019-01-06 06:00:00'),
(43413, 2, 30.1, 40, 83, 39, 976.65, 0, 0.11111100, 39.33332825, '2019-01-06 07:00:00'),
(43414, 2, 17.0, 89, 30, 82, 1045.29, 0, 0.11111100, 39.33332825, '2019-01-06 08:00:00'),
(43415, 2, 34.8, 97, 67, 97, 966.71, 0, 0.11111100, 39.33332825, '2019-01-06 09:00:00'),
(43416, 2, 14.7, 32, 89, 29, 995.00, 1, 0.11111100, 39.33332825, '2019-01-06 10:00:00'),
(43417, 2, 18.5, 26, 58, 12, 1031.24, 1, 0.11111100, 39.33332825, '2019-01-06 11:00:00'),
(43418, 2, 14.8, 14, 73, 36, 974.60, 1, 0.11111100, 39.33332825, '2019-01-06 12:00:00'),
(43419, 2, 39.8, 13, 22, 76, 951.27, 1, 0.11111100, 39.33332825, '2019-01-06 13:00:00'),
(43420, 2, 27.8, 79, 15, 90, 955.84, 0, 0.11111100, 39.33332825, '2019-01-06 14:00:00'),
(43421, 2, 34.5, 40, 84, 66, 1045.88, 0, 0.11111100, 39.33332825, '2019-01-06 15:00:00'),
(43422, 2, 35.5, 8, 61, 56, 1026.07, 1, 0.11111100, 39.33332825, '2019-01-06 16:00:00'),
(43423, 2, 2.1, 11, 72, 87, 1010.81, 1, 0.11111100, 39.33332825, '2019-01-06 17:00:00'),
(43424, 2, 12.3, 84, 23, 55, 1015.87, 0, 0.11111100, 39.33332825, '2019-01-06 18:00:00'),
(43425, 2, 38.3, 19, 6, 4, 987.09, 1, 0.11111100, 39.33332825, '2019-01-06 19:00:00'),
(43426, 2, 24.0, 59, 70, 53, 983.78, 0, 0.11111100, 39.33332825, '2019-01-06 20:00:00'),
(43427, 2, 18.6, 78, 10, 30, 1000.30, 1, 0.11111100, 39.33332825, '2019-01-06 21:00:00'),
(43428, 2, 26.8, 7, 25, 12, 956.18, 1, 0.11111100, 39.33332825, '2019-01-06 22:00:00'),
(43429, 2, 39.7, 79, 12, 80, 1048.83, 0, 0.11111100, 39.33332825, '2019-01-06 23:00:00'),
(43430, 2, 21.2, 5, 94, 45, 1027.28, 1, 0.11111100, 39.33332825, '2019-01-07 00:00:00'),
(43431, 2, 2.7, 62, 30, 47, 1034.75, 1, 0.11111100, 39.33332825, '2019-01-07 01:00:00'),
(43432, 2, 39.6, 7, 34, 69, 1038.94, 1, 0.11111100, 39.33332825, '2019-01-07 02:00:00'),
(43433, 2, 37.8, 78, 30, 40, 1018.98, 0, 0.11111100, 39.33332825, '2019-01-07 03:00:00'),
(43434, 2, 32.4, 34, 16, 52, 959.07, 0, 0.11111100, 39.33332825, '2019-01-07 04:00:00'),
(43435, 2, 16.2, 65, 69, 18, 965.07, 1, 0.11111100, 39.33332825, '2019-01-07 05:00:00'),
(43436, 2, 15.5, 33, 66, 61, 971.94, 1, 0.11111100, 39.33332825, '2019-01-07 06:00:00'),
(43437, 2, 1.7, 5, 47, 1, 1014.50, 1, 0.11111100, 39.33332825, '2019-01-07 07:00:00'),
(43438, 2, 36.5, 40, 68, 13, 994.57, 1, 0.11111100, 39.33332825, '2019-01-07 08:00:00'),
(43439, 2, 21.9, 21, 74, 35, 991.35, 0, 0.11111100, 39.33332825, '2019-01-07 09:00:00'),
(43440, 2, 39.3, 94, 63, 79, 1039.22, 1, 0.11111100, 39.33332825, '2019-01-07 10:00:00'),
(43441, 2, 39.9, 69, 53, 67, 952.46, 1, 0.11111100, 39.33332825, '2019-01-07 11:00:00'),
(43442, 2, 0.6, 34, 33, 37, 960.49, 0, 0.11111100, 39.33332825, '2019-01-07 12:00:00'),
(43443, 2, 19.0, 80, 51, 30, 1045.20, 1, 0.11111100, 39.33332825, '2019-01-07 13:00:00'),
(43444, 2, 20.0, 96, 60, 28, 984.70, 0, 0.11111100, 39.33332825, '2019-01-07 14:00:00'),
(43445, 2, 34.9, 82, 39, 22, 1033.62, 1, 0.11111100, 39.33332825, '2019-01-07 15:00:00'),
(43446, 2, 30.1, 88, 65, 20, 982.34, 0, 0.11111100, 39.33332825, '2019-01-07 16:00:00'),
(43447, 2, 28.8, 59, 49, 64, 1010.19, 0, 0.11111100, 39.33332825, '2019-01-07 17:00:00'),
(43448, 2, 17.3, 36, 83, 91, 1040.02, 1, 0.11111100, 39.33332825, '2019-01-07 18:00:00'),
(43449, 2, 36.9, 15, 47, 58, 984.13, 1, 0.11111100, 39.33332825, '2019-01-07 19:00:00'),
(43450, 2, 25.3, 0, 51, 89, 1001.57, 1, 0.11111100, 39.33332825, '2019-01-07 20:00:00'),
(43451, 2, 7.1, 42, 96, 40, 1019.75, 1, 0.11111100, 39.33332825, '2019-01-07 21:00:00'),
(43452, 2, 39.6, 84, 72, 43, 1039.76, 1, 0.11111100, 39.33332825, '2019-01-07 22:00:00'),
(43453, 2, 3.1, 87, 10, 27, 974.65, 0, 0.11111100, 39.33332825, '2019-01-07 23:00:00'),
(43454, 2, 34.7, 55, 5, 38, 975.72, 0, 0.11111100, 39.33332825, '2019-01-08 00:00:00'),
(43455, 2, 21.8, 52, 45, 73, 977.99, 1, 0.11111100, 39.33332825, '2019-01-08 01:00:00'),
(43456, 2, 35.5, 13, 2, 2, 1038.17, 0, 0.11111100, 39.33332825, '2019-01-08 02:00:00'),
(43457, 2, 16.3, 99, 2, 37, 990.92, 0, 0.11111100, 39.33332825, '2019-01-08 03:00:00'),
(43458, 2, 34.8, 34, 14, 1, 979.35, 1, 0.11111100, 39.33332825, '2019-01-08 04:00:00'),
(43459, 2, 32.5, 34, 23, 25, 962.60, 0, 0.11111100, 39.33332825, '2019-01-08 05:00:00'),
(43460, 2, 20.3, 33, 100, 78, 1039.63, 1, 0.11111100, 39.33332825, '2019-01-08 06:00:00'),
(43461, 2, 15.0, 79, 20, 60, 995.76, 0, 0.11111100, 39.33332825, '2019-01-08 07:00:00'),
(43462, 2, 20.8, 73, 74, 13, 1017.14, 1, 0.11111100, 39.33332825, '2019-01-08 08:00:00'),
(43463, 2, 17.1, 31, 44, 3, 1048.68, 0, 0.11111100, 39.33332825, '2019-01-08 09:00:00'),
(43464, 2, 11.8, 44, 87, 44, 1032.41, 1, 0.11111100, 39.33332825, '2019-01-08 10:00:00'),
(43465, 2, 6.9, 78, 94, 7, 1030.00, 1, 0.11111100, 39.33332825, '2019-01-08 11:00:00'),
(43466, 2, 37.8, 92, 33, 36, 963.11, 1, 0.11111100, 39.33332825, '2019-01-08 12:00:00'),
(43467, 2, 1.7, 71, 18, 58, 982.77, 1, 0.11111100, 39.33332825, '2019-01-08 13:00:00'),
(43468, 2, 32.7, 79, 21, 80, 963.23, 0, 0.11111100, 39.33332825, '2019-01-08 14:00:00'),
(43469, 2, 12.6, 53, 10, 70, 977.78, 0, 0.11111100, 39.33332825, '2019-01-08 15:00:00'),
(43470, 2, 6.8, 94, 61, 70, 995.66, 0, 0.11111100, 39.33332825, '2019-01-08 16:00:00'),
(43471, 2, 30.3, 48, 65, 22, 965.47, 0, 0.11111100, 39.33332825, '2019-01-08 17:00:00'),
(43472, 2, 12.7, 47, 91, 46, 959.57, 0, 0.11111100, 39.33332825, '2019-01-08 18:00:00'),
(43473, 2, 35.4, 74, 60, 15, 968.95, 1, 0.11111100, 39.33332825, '2019-01-08 19:00:00'),
(43474, 2, 15.2, 20, 15, 18, 1042.47, 1, 0.11111100, 39.33332825, '2019-01-08 20:00:00'),
(43475, 2, 34.6, 68, 36, 8, 959.20, 1, 0.11111100, 39.33332825, '2019-01-08 21:00:00'),
(43476, 2, 33.5, 51, 14, 85, 1040.68, 1, 0.11111100, 39.33332825, '2019-01-08 22:00:00'),
(43477, 2, 2.9, 78, 95, 30, 995.66, 0, 0.11111100, 39.33332825, '2019-01-08 23:00:00'),
(43478, 3, 28.9, 57, 47, 52, 954.68, 1, 0.11111100, 39.33332825, '2019-01-02 00:00:00'),
(43479, 3, 6.6, 72, 91, 79, 1011.18, 1, 0.11111100, 39.33332825, '2019-01-02 01:00:00'),
(43480, 3, 19.9, 75, 70, 93, 1022.18, 0, 0.11111100, 39.33332825, '2019-01-02 02:00:00'),
(43481, 3, 7.5, 28, 30, 31, 997.28, 0, 0.11111100, 39.33332825, '2019-01-02 03:00:00'),
(43482, 3, 37.6, 85, 89, 75, 1033.15, 0, 0.11111100, 39.33332825, '2019-01-02 04:00:00'),
(43483, 3, 24.7, 60, 8, 89, 1018.14, 0, 0.11111100, 39.33332825, '2019-01-02 05:00:00'),
(43484, 3, 17.3, 59, 36, 56, 980.27, 1, 0.11111100, 39.33332825, '2019-01-02 06:00:00'),
(43485, 3, 11.2, 15, 39, 31, 1035.77, 0, 0.11111100, 39.33332825, '2019-01-02 07:00:00'),
(43486, 3, 8.0, 30, 19, 72, 975.65, 1, 0.11111100, 39.33332825, '2019-01-02 08:00:00'),
(43487, 3, 37.2, 0, 99, 93, 978.27, 1, 0.11111100, 39.33332825, '2019-01-02 09:00:00'),
(43488, 3, 3.1, 84, 94, 62, 1004.18, 0, 0.11111100, 39.33332825, '2019-01-02 10:00:00'),
(43489, 3, 27.5, 69, 38, 30, 975.09, 1, 0.11111100, 39.33332825, '2019-01-02 11:00:00'),
(43490, 3, 20.7, 34, 77, 20, 955.30, 0, 0.11111100, 39.33332825, '2019-01-02 12:00:00'),
(43491, 3, 18.6, 87, 59, 11, 962.58, 0, 0.11111100, 39.33332825, '2019-01-02 13:00:00'),
(43492, 3, 14.6, 82, 64, 63, 1001.52, 1, 0.11111100, 39.33332825, '2019-01-02 14:00:00'),
(43493, 3, 28.8, 17, 83, 21, 983.32, 1, 0.11111100, 39.33332825, '2019-01-02 15:00:00'),
(43494, 3, 7.3, 0, 91, 27, 1029.16, 1, 0.11111100, 39.33332825, '2019-01-02 16:00:00'),
(43495, 3, 32.2, 84, 91, 35, 953.03, 1, 0.11111100, 39.33332825, '2019-01-02 17:00:00'),
(43496, 3, 27.5, 14, 83, 29, 1011.54, 0, 0.11111100, 39.33332825, '2019-01-02 18:00:00'),
(43497, 3, 28.6, 9, 84, 67, 981.14, 0, 0.11111100, 39.33332825, '2019-01-02 19:00:00'),
(43498, 3, 13.7, 58, 23, 8, 1044.39, 0, 0.11111100, 39.33332825, '2019-01-02 20:00:00'),
(43499, 3, 16.6, 73, 38, 79, 1044.47, 0, 0.11111100, 39.33332825, '2019-01-02 21:00:00'),
(43500, 3, 28.2, 29, 74, 80, 1043.82, 0, 0.11111100, 39.33332825, '2019-01-02 22:00:00'),
(43501, 3, 9.7, 51, 16, 33, 963.49, 1, 0.11111100, 39.33332825, '2019-01-02 23:00:00'),
(43502, 3, 9.0, 92, 55, 79, 1042.87, 1, 0.11111100, 39.33332825, '2019-01-03 00:00:00'),
(43503, 3, 13.5, 42, 79, 40, 1000.62, 1, 0.11111100, 39.33332825, '2019-01-03 01:00:00'),
(43504, 3, 4.0, 50, 64, 19, 1014.49, 0, 0.11111100, 39.33332825, '2019-01-03 02:00:00'),
(43505, 3, 33.9, 14, 29, 0, 1035.47, 1, 0.11111100, 39.33332825, '2019-01-03 03:00:00'),
(43506, 3, 38.7, 86, 40, 76, 1023.72, 0, 0.11111100, 39.33332825, '2019-01-03 04:00:00'),
(43507, 3, 9.8, 14, 97, 66, 992.83, 0, 0.11111100, 39.33332825, '2019-01-03 05:00:00'),
(43508, 3, 28.7, 85, 19, 12, 1045.45, 0, 0.11111100, 39.33332825, '2019-01-03 06:00:00'),
(43509, 3, 8.1, 62, 18, 52, 988.28, 0, 0.11111100, 39.33332825, '2019-01-03 07:00:00'),
(43510, 3, 21.3, 95, 60, 83, 978.55, 1, 0.11111100, 39.33332825, '2019-01-03 08:00:00'),
(43511, 3, 16.7, 61, 93, 4, 1045.37, 1, 0.11111100, 39.33332825, '2019-01-03 09:00:00'),
(43512, 3, 25.0, 58, 63, 15, 1034.94, 0, 0.11111100, 39.33332825, '2019-01-03 10:00:00'),
(43513, 3, 37.9, 52, 99, 55, 1038.25, 1, 0.11111100, 39.33332825, '2019-01-03 11:00:00'),
(43514, 3, 23.7, 68, 14, 83, 1042.90, 0, 0.11111100, 39.33332825, '2019-01-03 12:00:00'),
(43515, 3, 36.1, 0, 37, 35, 980.44, 1, 0.11111100, 39.33332825, '2019-01-03 13:00:00'),
(43516, 3, 23.6, 94, 78, 10, 1000.39, 1, 0.11111100, 39.33332825, '2019-01-03 14:00:00'),
(43517, 3, 28.6, 63, 76, 75, 978.76, 1, 0.11111100, 39.33332825, '2019-01-03 15:00:00'),
(43518, 3, 26.9, 18, 36, 92, 962.93, 1, 0.11111100, 39.33332825, '2019-01-03 16:00:00'),
(43519, 3, 9.6, 50, 78, 52, 1046.95, 0, 0.11111100, 39.33332825, '2019-01-03 17:00:00'),
(43520, 3, 8.8, 97, 38, 31, 1010.73, 1, 0.11111100, 39.33332825, '2019-01-03 18:00:00'),
(43521, 3, 6.9, 51, 81, 47, 971.06, 1, 0.11111100, 39.33332825, '2019-01-03 19:00:00'),
(43522, 3, 38.2, 47, 59, 73, 980.34, 1, 0.11111100, 39.33332825, '2019-01-03 20:00:00'),
(43523, 3, 30.9, 65, 61, 88, 1005.35, 0, 0.11111100, 39.33332825, '2019-01-03 21:00:00'),
(43524, 3, 28.2, 7, 30, 12, 1009.90, 1, 0.11111100, 39.33332825, '2019-01-03 22:00:00'),
(43525, 3, 3.2, 6, 81, 10, 1004.86, 0, 0.11111100, 39.33332825, '2019-01-03 23:00:00'),
(43526, 3, 8.3, 69, 3, 44, 1024.31, 0, 0.11111100, 39.33332825, '2019-01-04 00:00:00'),
(43527, 3, 38.7, 0, 82, 62, 971.82, 0, 0.11111100, 39.33332825, '2019-01-04 01:00:00'),
(43528, 3, 38.1, 53, 15, 6, 971.36, 1, 0.11111100, 39.33332825, '2019-01-04 02:00:00'),
(43529, 3, 40.0, 55, 51, 63, 985.51, 1, 0.11111100, 39.33332825, '2019-01-04 03:00:00'),
(43530, 3, 36.8, 98, 91, 2, 1039.49, 0, 0.11111100, 39.33332825, '2019-01-04 04:00:00'),
(43531, 3, 13.0, 74, 46, 96, 956.87, 0, 0.11111100, 39.33332825, '2019-01-04 05:00:00'),
(43532, 3, 12.5, 13, 8, 81, 1026.29, 0, 0.11111100, 39.33332825, '2019-01-04 06:00:00'),
(43533, 3, 14.0, 94, 74, 76, 1048.89, 0, 0.11111100, 39.33332825, '2019-01-04 07:00:00'),
(43534, 3, 37.4, 12, 35, 83, 958.34, 0, 0.11111100, 39.33332825, '2019-01-04 08:00:00'),
(43535, 3, 32.0, 65, 1, 31, 958.55, 0, 0.11111100, 39.33332825, '2019-01-04 09:00:00'),
(43536, 3, 21.4, 47, 7, 63, 967.85, 0, 0.11111100, 39.33332825, '2019-01-04 10:00:00'),
(43537, 3, 32.2, 90, 84, 38, 1031.36, 0, 0.11111100, 39.33332825, '2019-01-04 11:00:00'),
(43538, 3, 38.6, 49, 42, 22, 965.00, 1, 0.11111100, 39.33332825, '2019-01-04 12:00:00'),
(43539, 3, 27.1, 0, 62, 6, 987.37, 0, 0.11111100, 39.33332825, '2019-01-04 13:00:00'),
(43540, 3, 33.7, 81, 69, 57, 975.76, 1, 0.11111100, 39.33332825, '2019-01-04 14:00:00'),
(43541, 3, 21.9, 37, 65, 79, 1011.83, 0, 0.11111100, 39.33332825, '2019-01-04 15:00:00'),
(43542, 3, 8.2, 7, 12, 33, 1019.74, 1, 0.11111100, 39.33332825, '2019-01-04 16:00:00'),
(43543, 3, 2.4, 97, 17, 7, 1029.39, 0, 0.11111100, 39.33332825, '2019-01-04 17:00:00'),
(43544, 3, 17.2, 93, 66, 88, 952.69, 1, 0.11111100, 39.33332825, '2019-01-04 18:00:00'),
(43545, 3, 13.1, 19, 67, 69, 1016.00, 1, 0.11111100, 39.33332825, '2019-01-04 19:00:00'),
(43546, 3, 21.7, 35, 100, 59, 965.48, 0, 0.11111100, 39.33332825, '2019-01-04 20:00:00'),
(43547, 3, 3.2, 80, 56, 4, 953.84, 0, 0.11111100, 39.33332825, '2019-01-04 21:00:00'),
(43548, 3, 7.2, 53, 17, 48, 1035.96, 0, 0.11111100, 39.33332825, '2019-01-04 22:00:00'),
(43549, 3, 32.6, 78, 80, 91, 981.74, 0, 0.11111100, 39.33332825, '2019-01-04 23:00:00'),
(43550, 3, 6.4, 48, 61, 100, 1034.51, 0, 0.11111100, 39.33332825, '2019-01-05 00:00:00'),
(43551, 3, 31.6, 8, 61, 23, 1038.92, 1, 0.11111100, 39.33332825, '2019-01-05 01:00:00'),
(43552, 3, 5.7, 45, 18, 40, 971.79, 0, 0.11111100, 39.33332825, '2019-01-05 02:00:00'),
(43553, 3, 14.6, 27, 51, 34, 961.97, 1, 0.11111100, 39.33332825, '2019-01-05 03:00:00'),
(43554, 3, 15.7, 50, 32, 52, 1012.26, 1, 0.11111100, 39.33332825, '2019-01-05 04:00:00'),
(43555, 3, 29.9, 95, 99, 43, 1042.15, 1, 0.11111100, 39.33332825, '2019-01-05 05:00:00'),
(43556, 3, 34.8, 80, 17, 38, 986.78, 0, 0.11111100, 39.33332825, '2019-01-05 06:00:00'),
(43557, 3, 36.0, 94, 38, 92, 988.98, 0, 0.11111100, 39.33332825, '2019-01-05 07:00:00'),
(43558, 3, 25.4, 87, 33, 13, 974.27, 1, 0.11111100, 39.33332825, '2019-01-05 08:00:00'),
(43559, 3, 6.7, 52, 22, 70, 1041.72, 0, 0.11111100, 39.33332825, '2019-01-05 09:00:00'),
(43560, 3, 34.3, 33, 86, 57, 954.78, 0, 0.11111100, 39.33332825, '2019-01-05 10:00:00'),
(43561, 3, 36.4, 69, 95, 49, 1004.01, 1, 0.11111100, 39.33332825, '2019-01-05 11:00:00'),
(43562, 3, 17.6, 70, 35, 12, 955.49, 1, 0.11111100, 39.33332825, '2019-01-05 12:00:00'),
(43563, 3, 35.7, 73, 11, 28, 1002.50, 0, 0.11111100, 39.33332825, '2019-01-05 13:00:00'),
(43564, 3, 6.0, 10, 90, 85, 1014.56, 1, 0.11111100, 39.33332825, '2019-01-05 14:00:00'),
(43565, 3, 9.5, 28, 56, 40, 953.21, 0, 0.11111100, 39.33332825, '2019-01-05 15:00:00'),
(43566, 3, 13.9, 2, 28, 24, 972.58, 1, 0.11111100, 39.33332825, '2019-01-05 16:00:00'),
(43567, 3, 30.6, 75, 20, 43, 965.02, 0, 0.11111100, 39.33332825, '2019-01-05 17:00:00'),
(43568, 3, 27.9, 36, 96, 9, 976.61, 1, 0.11111100, 39.33332825, '2019-01-05 18:00:00'),
(43569, 3, 10.4, 31, 94, 7, 1032.60, 0, 0.11111100, 39.33332825, '2019-01-05 19:00:00'),
(43570, 3, 20.4, 24, 40, 1, 974.42, 0, 0.11111100, 39.33332825, '2019-01-05 20:00:00'),
(43571, 3, 17.0, 66, 46, 16, 957.49, 0, 0.11111100, 39.33332825, '2019-01-05 21:00:00'),
(43572, 3, 22.4, 21, 18, 90, 1024.56, 1, 0.11111100, 39.33332825, '2019-01-05 22:00:00'),
(43573, 3, 18.4, 29, 45, 41, 1024.87, 0, 0.11111100, 39.33332825, '2019-01-05 23:00:00'),
(43574, 3, 13.8, 66, 74, 1, 973.21, 0, 0.11111100, 39.33332825, '2019-01-06 00:00:00'),
(43575, 3, 33.7, 55, 78, 13, 1006.77, 0, 0.11111100, 39.33332825, '2019-01-06 01:00:00'),
(43576, 3, 33.0, 16, 37, 11, 1043.19, 0, 0.11111100, 39.33332825, '2019-01-06 02:00:00'),
(43577, 3, 22.0, 18, 29, 29, 956.94, 0, 0.11111100, 39.33332825, '2019-01-06 03:00:00'),
(43578, 3, 37.2, 7, 6, 39, 980.99, 1, 0.11111100, 39.33332825, '2019-01-06 04:00:00'),
(43579, 3, 16.8, 50, 85, 63, 1007.38, 1, 0.11111100, 39.33332825, '2019-01-06 05:00:00'),
(43580, 3, 1.0, 63, 55, 67, 967.64, 0, 0.11111100, 39.33332825, '2019-01-06 06:00:00'),
(43581, 3, 3.2, 69, 31, 67, 1043.00, 0, 0.11111100, 39.33332825, '2019-01-06 07:00:00'),
(43582, 3, 26.4, 43, 63, 63, 967.28, 0, 0.11111100, 39.33332825, '2019-01-06 08:00:00'),
(43583, 3, 18.4, 13, 66, 73, 952.54, 1, 0.11111100, 39.33332825, '2019-01-06 09:00:00'),
(43584, 3, 17.3, 86, 68, 52, 1018.34, 0, 0.11111100, 39.33332825, '2019-01-06 10:00:00'),
(43585, 3, 31.8, 5, 66, 67, 963.09, 0, 0.11111100, 39.33332825, '2019-01-06 11:00:00'),
(43586, 3, 26.8, 56, 35, 2, 970.80, 1, 0.11111100, 39.33332825, '2019-01-06 12:00:00'),
(43587, 3, 4.6, 0, 6, 81, 1009.53, 1, 0.11111100, 39.33332825, '2019-01-06 13:00:00'),
(43588, 3, 26.2, 36, 26, 0, 981.21, 0, 0.11111100, 39.33332825, '2019-01-06 14:00:00'),
(43589, 3, 19.0, 24, 27, 43, 1037.65, 1, 0.11111100, 39.33332825, '2019-01-06 15:00:00'),
(43590, 3, 26.6, 84, 86, 19, 984.86, 1, 0.11111100, 39.33332825, '2019-01-06 16:00:00'),
(43591, 3, 34.8, 9, 34, 33, 981.43, 1, 0.11111100, 39.33332825, '2019-01-06 17:00:00'),
(43592, 3, 34.7, 39, 7, 82, 990.03, 0, 0.11111100, 39.33332825, '2019-01-06 18:00:00'),
(43593, 3, 2.5, 32, 15, 24, 1004.39, 1, 0.11111100, 39.33332825, '2019-01-06 19:00:00'),
(43594, 3, 36.2, 47, 75, 52, 1023.95, 1, 0.11111100, 39.33332825, '2019-01-06 20:00:00'),
(43595, 3, 3.9, 93, 61, 49, 977.52, 1, 0.11111100, 39.33332825, '2019-01-06 21:00:00'),
(43596, 3, 38.5, 86, 63, 98, 982.18, 1, 0.11111100, 39.33332825, '2019-01-06 22:00:00'),
(43597, 3, 6.9, 11, 15, 84, 1037.49, 1, 0.11111100, 39.33332825, '2019-01-06 23:00:00'),
(43598, 3, 29.8, 47, 7, 40, 1046.93, 1, 0.11111100, 39.33332825, '2019-01-07 00:00:00'),
(43599, 3, 22.4, 80, 11, 78, 1001.11, 1, 0.11111100, 39.33332825, '2019-01-07 01:00:00'),
(43600, 3, 21.8, 18, 32, 57, 1009.30, 0, 0.11111100, 39.33332825, '2019-01-07 02:00:00'),
(43601, 3, 13.7, 1, 5, 30, 966.42, 1, 0.11111100, 39.33332825, '2019-01-07 03:00:00'),
(43602, 3, 9.7, 84, 46, 55, 968.77, 1, 0.11111100, 39.33332825, '2019-01-07 04:00:00'),
(43603, 3, 20.3, 20, 32, 52, 954.11, 0, 0.11111100, 39.33332825, '2019-01-07 05:00:00'),
(43604, 3, 8.2, 91, 79, 66, 1005.88, 0, 0.11111100, 39.33332825, '2019-01-07 06:00:00'),
(43605, 3, 3.4, 26, 97, 93, 984.24, 1, 0.11111100, 39.33332825, '2019-01-07 07:00:00'),
(43606, 3, 10.5, 0, 1, 72, 988.58, 0, 0.11111100, 39.33332825, '2019-01-07 08:00:00'),
(43607, 3, 0.1, 22, 72, 97, 976.13, 0, 0.11111100, 39.33332825, '2019-01-07 09:00:00'),
(43608, 3, 7.6, 94, 82, 34, 977.54, 1, 0.11111100, 39.33332825, '2019-01-07 10:00:00'),
(43609, 3, 3.2, 61, 61, 41, 1028.20, 0, 0.11111100, 39.33332825, '2019-01-07 11:00:00'),
(43610, 3, 36.3, 98, 4, 30, 1002.95, 0, 0.11111100, 39.33332825, '2019-01-07 12:00:00'),
(43611, 3, 9.4, 59, 16, 64, 999.88, 0, 0.11111100, 39.33332825, '2019-01-07 13:00:00'),
(43612, 3, 28.2, 33, 43, 83, 956.99, 0, 0.11111100, 39.33332825, '2019-01-07 14:00:00'),
(43613, 3, 25.1, 57, 83, 67, 1012.71, 1, 0.11111100, 39.33332825, '2019-01-07 15:00:00'),
(43614, 3, 32.8, 0, 97, 88, 1005.39, 1, 0.11111100, 39.33332825, '2019-01-07 16:00:00'),
(43615, 3, 9.5, 58, 57, 5, 1009.67, 1, 0.11111100, 39.33332825, '2019-01-07 17:00:00'),
(43616, 3, 3.7, 80, 58, 36, 1025.69, 0, 0.11111100, 39.33332825, '2019-01-07 18:00:00'),
(43617, 3, 25.3, 57, 73, 98, 994.19, 0, 0.11111100, 39.33332825, '2019-01-07 19:00:00'),
(43618, 3, 2.2, 35, 37, 30, 965.61, 1, 0.11111100, 39.33332825, '2019-01-07 20:00:00'),
(43619, 3, 19.6, 15, 73, 31, 973.51, 1, 0.11111100, 39.33332825, '2019-01-07 21:00:00'),
(43620, 3, 11.5, 64, 41, 54, 1034.76, 0, 0.11111100, 39.33332825, '2019-01-07 22:00:00'),
(43621, 3, 12.5, 0, 17, 51, 979.93, 0, 0.11111100, 39.33332825, '2019-01-07 23:00:00'),
(43622, 3, 39.7, 68, 47, 19, 1010.12, 0, 0.11111100, 39.33332825, '2019-01-08 00:00:00'),
(43623, 3, 26.9, 50, 38, 83, 1034.20, 0, 0.11111100, 39.33332825, '2019-01-08 01:00:00'),
(43624, 3, 10.9, 81, 70, 63, 958.80, 1, 0.11111100, 39.33332825, '2019-01-08 02:00:00'),
(43625, 3, 10.8, 66, 20, 47, 1032.92, 0, 0.11111100, 39.33332825, '2019-01-08 03:00:00'),
(43626, 3, 32.7, 43, 91, 4, 1028.02, 1, 0.11111100, 39.33332825, '2019-01-08 04:00:00'),
(43627, 3, 23.3, 43, 91, 25, 1003.10, 0, 0.11111100, 39.33332825, '2019-01-08 05:00:00'),
(43628, 3, 9.8, 14, 59, 39, 1020.20, 0, 0.11111100, 39.33332825, '2019-01-08 06:00:00'),
(43629, 3, 3.5, 43, 12, 28, 954.32, 1, 0.11111100, 39.33332825, '2019-01-08 07:00:00'),
(43630, 3, 29.4, 48, 5, 4, 969.56, 1, 0.11111100, 39.33332825, '2019-01-08 08:00:00'),
(43631, 3, 36.9, 51, 72, 46, 1048.21, 0, 0.11111100, 39.33332825, '2019-01-08 09:00:00'),
(43632, 3, 9.7, 22, 6, 10, 960.18, 0, 0.11111100, 39.33332825, '2019-01-08 10:00:00'),
(43633, 3, 36.3, 0, 16, 17, 1021.35, 1, 0.11111100, 39.33332825, '2019-01-08 11:00:00'),
(43634, 3, 25.4, 76, 48, 78, 976.21, 1, 0.11111100, 39.33332825, '2019-01-08 12:00:00'),
(43635, 3, 2.9, 57, 86, 67, 1029.48, 1, 0.11111100, 39.33332825, '2019-01-08 13:00:00'),
(43636, 3, 5.3, 18, 10, 27, 980.15, 0, 0.11111100, 39.33332825, '2019-01-08 14:00:00'),
(43637, 3, 25.0, 56, 35, 15, 1022.08, 0, 0.11111100, 39.33332825, '2019-01-08 15:00:00'),
(43638, 3, 33.8, 43, 98, 74, 983.86, 1, 0.11111100, 39.33332825, '2019-01-08 16:00:00'),
(43639, 3, 30.4, 99, 33, 79, 1011.55, 0, 0.11111100, 39.33332825, '2019-01-08 17:00:00'),
(43640, 3, 17.0, 2, 79, 12, 1015.51, 1, 0.11111100, 39.33332825, '2019-01-08 18:00:00'),
(43641, 3, 13.5, 76, 65, 13, 1015.97, 1, 0.11111100, 39.33332825, '2019-01-08 19:00:00'),
(43642, 3, 24.2, 65, 63, 84, 975.40, 0, 0.11111100, 39.33332825, '2019-01-08 20:00:00'),
(43643, 3, 27.6, 94, 8, 45, 985.59, 0, 0.11111100, 39.33332825, '2019-01-08 21:00:00'),
(43644, 3, 39.3, 64, 100, 90, 1032.44, 0, 0.11111100, 39.33332825, '2019-01-08 22:00:00'),
(43645, 3, 10.9, 15, 46, 21, 964.18, 1, 0.11111100, 39.33332825, '2019-01-08 23:00:00'),
(43646, 4, 8.6, 19, 6, 90, 1003.91, 1, 0.11111100, 39.33332825, '2019-01-02 00:00:00'),
(43647, 4, 20.2, 49, 91, 4, 978.36, 1, 0.11111100, 39.33332825, '2019-01-02 01:00:00'),
(43648, 4, 5.5, 66, 64, 14, 1002.90, 0, 0.11111100, 39.33332825, '2019-01-02 02:00:00'),
(43649, 4, 15.3, 78, 64, 46, 951.13, 0, 0.11111100, 39.33332825, '2019-01-02 03:00:00'),
(43650, 4, 27.7, 49, 96, 73, 965.08, 0, 0.11111100, 39.33332825, '2019-01-02 04:00:00'),
(43651, 4, 31.4, 19, 82, 85, 1039.01, 1, 0.11111100, 39.33332825, '2019-01-02 05:00:00'),
(43652, 4, 0.7, 7, 25, 1, 978.38, 1, 0.11111100, 39.33332825, '2019-01-02 06:00:00'),
(43653, 4, 5.2, 4, 48, 1, 1025.53, 1, 0.11111100, 39.33332825, '2019-01-02 07:00:00'),
(43654, 4, 1.6, 91, 54, 41, 1025.14, 1, 0.11111100, 39.33332825, '2019-01-02 08:00:00'),
(43655, 4, 11.2, 18, 14, 50, 958.07, 1, 0.11111100, 39.33332825, '2019-01-02 09:00:00'),
(43656, 4, 20.5, 10, 77, 84, 1005.54, 0, 0.11111100, 39.33332825, '2019-01-02 10:00:00'),
(43657, 4, 6.7, 17, 34, 42, 975.27, 0, 0.11111100, 39.33332825, '2019-01-02 11:00:00'),
(43658, 4, 37.6, 95, 65, 77, 1049.82, 1, 0.11111100, 39.33332825, '2019-01-02 12:00:00'),
(43659, 4, 35.7, 86, 4, 79, 982.25, 1, 0.11111100, 39.33332825, '2019-01-02 13:00:00'),
(43660, 4, 18.1, 38, 37, 97, 967.54, 0, 0.11111100, 39.33332825, '2019-01-02 14:00:00'),
(43661, 4, 35.8, 51, 6, 31, 1018.81, 0, 0.11111100, 39.33332825, '2019-01-02 15:00:00'),
(43662, 4, 11.3, 2, 58, 52, 983.22, 0, 0.11111100, 39.33332825, '2019-01-02 16:00:00'),
(43663, 4, 29.2, 21, 56, 95, 1034.65, 1, 0.11111100, 39.33332825, '2019-01-02 17:00:00'),
(43664, 4, 11.3, 52, 39, 79, 974.18, 0, 0.11111100, 39.33332825, '2019-01-02 18:00:00'),
(43665, 4, 35.3, 19, 90, 73, 967.29, 1, 0.11111100, 39.33332825, '2019-01-02 19:00:00'),
(43666, 4, 18.6, 37, 9, 24, 983.78, 1, 0.11111100, 39.33332825, '2019-01-02 20:00:00'),
(43667, 4, 33.9, 54, 48, 85, 973.35, 0, 0.11111100, 39.33332825, '2019-01-02 21:00:00'),
(43668, 4, 32.6, 95, 33, 2, 989.46, 1, 0.11111100, 39.33332825, '2019-01-02 22:00:00'),
(43669, 4, 24.7, 74, 19, 2, 1049.28, 1, 0.11111100, 39.33332825, '2019-01-02 23:00:00'),
(43670, 4, 7.9, 44, 97, 78, 1026.51, 1, 0.11111100, 39.33332825, '2019-01-03 00:00:00'),
(43671, 4, 2.8, 81, 10, 19, 960.36, 1, 0.11111100, 39.33332825, '2019-01-03 01:00:00'),
(43672, 4, 37.0, 68, 8, 66, 1011.66, 1, 0.11111100, 39.33332825, '2019-01-03 02:00:00'),
(43673, 4, 36.2, 32, 54, 53, 983.02, 1, 0.11111100, 39.33332825, '2019-01-03 03:00:00'),
(43674, 4, 19.4, 88, 95, 6, 960.62, 0, 0.11111100, 39.33332825, '2019-01-03 04:00:00'),
(43675, 4, 40.0, 98, 53, 34, 996.83, 0, 0.11111100, 39.33332825, '2019-01-03 05:00:00'),
(43676, 4, 13.4, 79, 36, 87, 984.25, 1, 0.11111100, 39.33332825, '2019-01-03 06:00:00'),
(43677, 4, 3.4, 37, 18, 28, 1023.12, 0, 0.11111100, 39.33332825, '2019-01-03 07:00:00'),
(43678, 4, 19.3, 42, 19, 19, 955.88, 1, 0.11111100, 39.33332825, '2019-01-03 08:00:00'),
(43679, 4, 39.8, 77, 21, 68, 979.03, 1, 0.11111100, 39.33332825, '2019-01-03 09:00:00'),
(43680, 4, 13.4, 57, 23, 49, 979.58, 0, 0.11111100, 39.33332825, '2019-01-03 10:00:00'),
(43681, 4, 10.7, 56, 60, 14, 1027.34, 0, 0.11111100, 39.33332825, '2019-01-03 11:00:00'),
(43682, 4, 4.9, 73, 55, 4, 961.40, 0, 0.11111100, 39.33332825, '2019-01-03 12:00:00'),
(43683, 4, 5.9, 50, 25, 54, 1037.08, 0, 0.11111100, 39.33332825, '2019-01-03 13:00:00'),
(43684, 4, 6.7, 96, 82, 57, 1026.42, 0, 0.11111100, 39.33332825, '2019-01-03 14:00:00'),
(43685, 4, 33.7, 50, 8, 97, 951.91, 1, 0.11111100, 39.33332825, '2019-01-03 15:00:00'),
(43686, 4, 6.4, 80, 52, 32, 1028.72, 0, 0.11111100, 39.33332825, '2019-01-03 16:00:00'),
(43687, 4, 38.2, 2, 21, 14, 1018.99, 1, 0.11111100, 39.33332825, '2019-01-03 17:00:00'),
(43688, 4, 12.9, 22, 41, 28, 962.90, 0, 0.11111100, 39.33332825, '2019-01-03 18:00:00'),
(43689, 4, 1.2, 27, 23, 13, 966.64, 1, 0.11111100, 39.33332825, '2019-01-03 19:00:00'),
(43690, 4, 8.8, 12, 36, 88, 962.26, 0, 0.11111100, 39.33332825, '2019-01-03 20:00:00'),
(43691, 4, 20.2, 82, 22, 16, 959.83, 0, 0.11111100, 39.33332825, '2019-01-03 21:00:00'),
(43692, 4, 30.9, 49, 55, 31, 999.92, 0, 0.11111100, 39.33332825, '2019-01-03 22:00:00'),
(43693, 4, 3.8, 49, 40, 43, 961.47, 1, 0.11111100, 39.33332825, '2019-01-03 23:00:00'),
(43694, 4, 8.0, 66, 66, 12, 1034.11, 0, 0.11111100, 39.33332825, '2019-01-04 00:00:00'),
(43695, 4, 32.4, 57, 100, 69, 1016.09, 1, 0.11111100, 39.33332825, '2019-01-04 01:00:00'),
(43696, 4, 34.4, 87, 59, 9, 1009.74, 0, 0.11111100, 39.33332825, '2019-01-04 02:00:00'),
(43697, 4, 34.5, 25, 40, 44, 1040.52, 0, 0.11111100, 39.33332825, '2019-01-04 03:00:00'),
(43698, 4, 0.5, 100, 78, 60, 954.91, 0, 0.11111100, 39.33332825, '2019-01-04 04:00:00'),
(43699, 4, 37.0, 39, 49, 23, 1032.22, 0, 0.11111100, 39.33332825, '2019-01-04 05:00:00'),
(43700, 4, 4.7, 22, 23, 72, 953.21, 0, 0.11111100, 39.33332825, '2019-01-04 06:00:00'),
(43701, 4, 27.1, 36, 85, 22, 1032.91, 0, 0.11111100, 39.33332825, '2019-01-04 07:00:00'),
(43702, 4, 37.6, 62, 42, 21, 988.03, 0, 0.11111100, 39.33332825, '2019-01-04 08:00:00'),
(43703, 4, 31.8, 36, 49, 27, 1004.14, 0, 0.11111100, 39.33332825, '2019-01-04 09:00:00'),
(43704, 4, 30.2, 4, 47, 91, 970.14, 1, 0.11111100, 39.33332825, '2019-01-04 10:00:00'),
(43705, 4, 38.7, 99, 75, 83, 974.04, 1, 0.11111100, 39.33332825, '2019-01-04 11:00:00'),
(43706, 4, 29.9, 20, 69, 23, 989.06, 0, 0.11111100, 39.33332825, '2019-01-04 12:00:00'),
(43707, 4, 29.2, 78, 42, 11, 1037.88, 1, 0.11111100, 39.33332825, '2019-01-04 13:00:00'),
(43708, 4, 10.7, 79, 100, 54, 1046.16, 0, 0.11111100, 39.33332825, '2019-01-04 14:00:00'),
(43709, 4, 1.8, 97, 50, 76, 1034.27, 1, 0.11111100, 39.33332825, '2019-01-04 15:00:00'),
(43710, 4, 14.6, 64, 65, 53, 950.86, 1, 0.11111100, 39.33332825, '2019-01-04 16:00:00'),
(43711, 4, 35.3, 96, 78, 10, 953.88, 0, 0.11111100, 39.33332825, '2019-01-04 17:00:00'),
(43712, 4, 20.8, 80, 51, 61, 1036.47, 1, 0.11111100, 39.33332825, '2019-01-04 18:00:00'),
(43713, 4, 39.2, 2, 2, 3, 1023.87, 1, 0.11111100, 39.33332825, '2019-01-04 19:00:00'),
(43714, 4, 3.8, 3, 56, 97, 1026.98, 1, 0.11111100, 39.33332825, '2019-01-04 20:00:00');
INSERT INTO `mediciones` (`idMed`, `idSensorMed`, `temp`, `hum`, `light`, `sal`, `pre`, `accel`, `latgps`, `lnggps`, `date`) VALUES
(43715, 4, 0.4, 47, 57, 84, 972.77, 0, 0.11111100, 39.33332825, '2019-01-04 21:00:00'),
(43716, 4, 18.5, 81, 27, 36, 972.22, 0, 0.11111100, 39.33332825, '2019-01-04 22:00:00'),
(43717, 4, 27.6, 39, 37, 15, 1044.19, 0, 0.11111100, 39.33332825, '2019-01-04 23:00:00'),
(43718, 4, 17.0, 61, 0, 33, 1001.85, 0, 0.11111100, 39.33332825, '2019-01-05 00:00:00'),
(43719, 4, 12.8, 90, 8, 88, 984.46, 0, 0.11111100, 39.33332825, '2019-01-05 01:00:00'),
(43720, 4, 9.2, 8, 78, 34, 1024.89, 1, 0.11111100, 39.33332825, '2019-01-05 02:00:00'),
(43721, 4, 2.4, 0, 89, 9, 960.92, 1, 0.11111100, 39.33332825, '2019-01-05 03:00:00'),
(43722, 4, 7.9, 40, 98, 85, 966.54, 1, 0.11111100, 39.33332825, '2019-01-05 04:00:00'),
(43723, 4, 36.2, 16, 58, 84, 1017.59, 0, 0.11111100, 39.33332825, '2019-01-05 05:00:00'),
(43724, 4, 3.7, 9, 29, 13, 1011.12, 1, 0.11111100, 39.33332825, '2019-01-05 06:00:00'),
(43725, 4, 10.9, 61, 80, 66, 1037.17, 1, 0.11111100, 39.33332825, '2019-01-05 07:00:00'),
(43726, 4, 37.9, 41, 85, 56, 954.85, 0, 0.11111100, 39.33332825, '2019-01-05 08:00:00'),
(43727, 4, 2.3, 42, 90, 16, 971.85, 1, 0.11111100, 39.33332825, '2019-01-05 09:00:00'),
(43728, 4, 8.9, 91, 0, 24, 964.79, 1, 0.11111100, 39.33332825, '2019-01-05 10:00:00'),
(43729, 4, 13.6, 83, 61, 95, 1039.84, 0, 0.11111100, 39.33332825, '2019-01-05 11:00:00'),
(43730, 4, 28.3, 95, 25, 29, 950.56, 1, 0.11111100, 39.33332825, '2019-01-05 12:00:00'),
(43731, 4, 26.0, 7, 45, 25, 979.73, 1, 0.11111100, 39.33332825, '2019-01-05 13:00:00'),
(43732, 4, 27.6, 80, 51, 12, 1031.72, 1, 0.11111100, 39.33332825, '2019-01-05 14:00:00'),
(43733, 4, 31.1, 59, 98, 87, 1007.32, 1, 0.11111100, 39.33332825, '2019-01-05 15:00:00'),
(43734, 4, 5.2, 54, 17, 18, 955.45, 0, 0.11111100, 39.33332825, '2019-01-05 16:00:00'),
(43735, 4, 32.9, 50, 55, 54, 975.79, 0, 0.11111100, 39.33332825, '2019-01-05 17:00:00'),
(43736, 4, 5.7, 64, 81, 69, 1000.25, 1, 0.11111100, 39.33332825, '2019-01-05 18:00:00'),
(43737, 4, 18.9, 22, 84, 80, 993.21, 1, 0.11111100, 39.33332825, '2019-01-05 19:00:00'),
(43738, 4, 18.7, 33, 34, 45, 972.70, 1, 0.11111100, 39.33332825, '2019-01-05 20:00:00'),
(43739, 4, 2.5, 70, 10, 92, 995.54, 1, 0.11111100, 39.33332825, '2019-01-05 21:00:00'),
(43740, 4, 32.2, 72, 48, 3, 1043.55, 0, 0.11111100, 39.33332825, '2019-01-05 22:00:00'),
(43741, 4, 38.7, 16, 33, 0, 1025.87, 1, 0.11111100, 39.33332825, '2019-01-05 23:00:00'),
(43742, 4, 20.7, 78, 56, 88, 1016.02, 1, 0.11111100, 39.33332825, '2019-01-06 00:00:00'),
(43743, 4, 22.5, 25, 47, 53, 989.05, 0, 0.11111100, 39.33332825, '2019-01-06 01:00:00'),
(43744, 4, 12.0, 55, 13, 4, 1005.32, 1, 0.11111100, 39.33332825, '2019-01-06 02:00:00'),
(43745, 4, 25.4, 12, 24, 36, 962.55, 0, 0.11111100, 39.33332825, '2019-01-06 03:00:00'),
(43746, 4, 20.3, 88, 41, 74, 976.27, 0, 0.11111100, 39.33332825, '2019-01-06 04:00:00'),
(43747, 4, 30.4, 46, 11, 60, 1006.39, 1, 0.11111100, 39.33332825, '2019-01-06 05:00:00'),
(43748, 4, 26.1, 98, 30, 59, 962.13, 0, 0.11111100, 39.33332825, '2019-01-06 06:00:00'),
(43749, 4, 21.2, 76, 80, 0, 963.70, 1, 0.11111100, 39.33332825, '2019-01-06 07:00:00'),
(43750, 4, 27.1, 69, 69, 13, 1011.41, 0, 0.11111100, 39.33332825, '2019-01-06 08:00:00'),
(43751, 4, 12.8, 100, 85, 68, 975.52, 0, 0.11111100, 39.33332825, '2019-01-06 09:00:00'),
(43752, 4, 13.7, 74, 87, 73, 1031.17, 1, 0.11111100, 39.33332825, '2019-01-06 10:00:00'),
(43753, 4, 6.7, 42, 100, 13, 996.74, 0, 0.11111100, 39.33332825, '2019-01-06 11:00:00'),
(43754, 4, 9.3, 78, 19, 4, 1039.78, 1, 0.11111100, 39.33332825, '2019-01-06 12:00:00'),
(43755, 4, 0.2, 37, 8, 35, 960.78, 1, 0.11111100, 39.33332825, '2019-01-06 13:00:00'),
(43756, 4, 38.3, 9, 90, 78, 957.69, 1, 0.11111100, 39.33332825, '2019-01-06 14:00:00'),
(43757, 4, 4.8, 87, 52, 76, 992.30, 1, 0.11111100, 39.33332825, '2019-01-06 15:00:00'),
(43758, 4, 31.6, 26, 79, 64, 1043.77, 1, 0.11111100, 39.33332825, '2019-01-06 16:00:00'),
(43759, 4, 17.7, 85, 87, 11, 1008.16, 0, 0.11111100, 39.33332825, '2019-01-06 17:00:00'),
(43760, 4, 6.5, 51, 83, 99, 1027.65, 0, 0.11111100, 39.33332825, '2019-01-06 18:00:00'),
(43761, 4, 22.5, 98, 92, 44, 997.17, 0, 0.11111100, 39.33332825, '2019-01-06 19:00:00'),
(43762, 4, 33.1, 66, 72, 51, 969.66, 0, 0.11111100, 39.33332825, '2019-01-06 20:00:00'),
(43763, 4, 37.0, 5, 57, 78, 975.85, 0, 0.11111100, 39.33332825, '2019-01-06 21:00:00'),
(43764, 4, 18.2, 71, 41, 24, 967.17, 1, 0.11111100, 39.33332825, '2019-01-06 22:00:00'),
(43765, 4, 7.0, 32, 58, 6, 958.38, 1, 0.11111100, 39.33332825, '2019-01-06 23:00:00'),
(43766, 4, 28.3, 41, 86, 11, 1039.42, 0, 0.11111100, 39.33332825, '2019-01-07 00:00:00'),
(43767, 4, 7.6, 40, 51, 16, 968.12, 0, 0.11111100, 39.33332825, '2019-01-07 01:00:00'),
(43768, 4, 26.6, 49, 93, 56, 951.28, 0, 0.11111100, 39.33332825, '2019-01-07 02:00:00'),
(43769, 4, 11.8, 93, 57, 34, 985.06, 0, 0.11111100, 39.33332825, '2019-01-07 03:00:00'),
(43770, 4, 20.1, 1, 31, 67, 1020.27, 0, 0.11111100, 39.33332825, '2019-01-07 04:00:00'),
(43771, 4, 35.1, 69, 26, 70, 986.09, 1, 0.11111100, 39.33332825, '2019-01-07 05:00:00'),
(43772, 4, 1.7, 92, 73, 90, 966.31, 0, 0.11111100, 39.33332825, '2019-01-07 06:00:00'),
(43773, 4, 31.2, 93, 43, 53, 1011.75, 0, 0.11111100, 39.33332825, '2019-01-07 07:00:00'),
(43774, 4, 28.6, 42, 15, 92, 962.28, 0, 0.11111100, 39.33332825, '2019-01-07 08:00:00'),
(43775, 4, 22.3, 95, 13, 57, 965.01, 0, 0.11111100, 39.33332825, '2019-01-07 09:00:00'),
(43776, 4, 14.9, 45, 51, 51, 951.90, 0, 0.11111100, 39.33332825, '2019-01-07 10:00:00'),
(43777, 4, 21.9, 13, 14, 9, 1002.73, 1, 0.11111100, 39.33332825, '2019-01-07 11:00:00'),
(43778, 4, 13.4, 52, 36, 68, 952.34, 0, 0.11111100, 39.33332825, '2019-01-07 12:00:00'),
(43779, 4, 39.1, 50, 12, 87, 1018.26, 0, 0.11111100, 39.33332825, '2019-01-07 13:00:00'),
(43780, 4, 14.9, 97, 54, 5, 971.40, 0, 0.11111100, 39.33332825, '2019-01-07 14:00:00'),
(43781, 4, 26.7, 39, 79, 43, 1003.79, 0, 0.11111100, 39.33332825, '2019-01-07 15:00:00'),
(43782, 4, 37.4, 58, 2, 30, 1021.92, 0, 0.11111100, 39.33332825, '2019-01-07 16:00:00'),
(43783, 4, 21.8, 10, 37, 10, 995.04, 1, 0.11111100, 39.33332825, '2019-01-07 17:00:00'),
(43784, 4, 8.2, 78, 58, 64, 980.72, 1, 0.11111100, 39.33332825, '2019-01-07 18:00:00'),
(43785, 4, 9.7, 96, 67, 67, 1001.43, 0, 0.11111100, 39.33332825, '2019-01-07 19:00:00'),
(43786, 4, 33.1, 84, 87, 100, 977.48, 0, 0.11111100, 39.33332825, '2019-01-07 20:00:00'),
(43787, 4, 34.6, 62, 6, 34, 1014.53, 1, 0.11111100, 39.33332825, '2019-01-07 21:00:00'),
(43788, 4, 38.8, 11, 44, 0, 1037.12, 1, 0.11111100, 39.33332825, '2019-01-07 22:00:00'),
(43789, 4, 32.5, 78, 18, 36, 1024.92, 1, 0.11111100, 39.33332825, '2019-01-07 23:00:00'),
(43790, 4, 19.2, 11, 52, 23, 1027.17, 1, 0.11111100, 39.33332825, '2019-01-08 00:00:00'),
(43791, 4, 14.1, 36, 50, 100, 1027.09, 1, 0.11111100, 39.33332825, '2019-01-08 01:00:00'),
(43792, 4, 0.1, 76, 82, 76, 994.74, 1, 0.11111100, 39.33332825, '2019-01-08 02:00:00'),
(43793, 4, 12.3, 68, 91, 35, 993.59, 1, 0.11111100, 39.33332825, '2019-01-08 03:00:00'),
(43794, 4, 6.0, 62, 60, 86, 995.76, 0, 0.11111100, 39.33332825, '2019-01-08 04:00:00'),
(43795, 4, 17.7, 87, 82, 41, 1045.62, 1, 0.11111100, 39.33332825, '2019-01-08 05:00:00'),
(43796, 4, 38.6, 12, 42, 99, 1010.81, 1, 0.11111100, 39.33332825, '2019-01-08 06:00:00'),
(43797, 4, 3.7, 20, 26, 87, 956.54, 1, 0.11111100, 39.33332825, '2019-01-08 07:00:00'),
(43798, 4, 22.0, 78, 95, 97, 989.39, 1, 0.11111100, 39.33332825, '2019-01-08 08:00:00'),
(43799, 4, 30.1, 73, 91, 81, 1046.88, 1, 0.11111100, 39.33332825, '2019-01-08 09:00:00'),
(43800, 4, 10.1, 49, 69, 21, 951.64, 0, 0.11111100, 39.33332825, '2019-01-08 10:00:00'),
(43801, 4, 25.1, 77, 42, 99, 1028.81, 0, 0.11111100, 39.33332825, '2019-01-08 11:00:00'),
(43802, 4, 8.7, 36, 3, 7, 1047.88, 1, 0.11111100, 39.33332825, '2019-01-08 12:00:00'),
(43803, 4, 38.3, 46, 90, 72, 956.60, 1, 0.11111100, 39.33332825, '2019-01-08 13:00:00'),
(43804, 4, 20.4, 97, 0, 25, 1024.43, 1, 0.11111100, 39.33332825, '2019-01-08 14:00:00'),
(43805, 4, 26.1, 28, 82, 17, 998.24, 0, 0.11111100, 39.33332825, '2019-01-08 15:00:00'),
(43806, 4, 34.7, 40, 92, 95, 1007.10, 1, 0.11111100, 39.33332825, '2019-01-08 16:00:00'),
(43807, 4, 25.9, 54, 90, 84, 1012.38, 0, 0.11111100, 39.33332825, '2019-01-08 17:00:00'),
(43808, 4, 35.0, 72, 47, 19, 971.35, 0, 0.11111100, 39.33332825, '2019-01-08 18:00:00'),
(43809, 4, 27.2, 100, 84, 100, 1009.59, 1, 0.11111100, 39.33332825, '2019-01-08 19:00:00'),
(43810, 4, 7.4, 35, 50, 66, 951.75, 1, 0.11111100, 39.33332825, '2019-01-08 20:00:00'),
(43811, 4, 27.2, 29, 8, 22, 999.60, 1, 0.11111100, 39.33332825, '2019-01-08 21:00:00'),
(43812, 4, 17.9, 60, 82, 84, 1022.03, 0, 0.11111100, 39.33332825, '2019-01-08 22:00:00'),
(43813, 4, 3.4, 61, 41, 70, 982.64, 1, 0.11111100, 39.33332825, '2019-01-08 23:00:00'),
(43814, 5, 33.1, 87, 32, 15, 988.86, 1, 0.11111100, 39.33332825, '2019-01-02 00:00:00'),
(43815, 5, 39.9, 9, 53, 54, 977.47, 1, 0.11111100, 39.33332825, '2019-01-02 01:00:00'),
(43816, 5, 39.1, 20, 6, 49, 958.83, 1, 0.11111100, 39.33332825, '2019-01-02 02:00:00'),
(43817, 5, 20.7, 91, 68, 75, 1010.87, 0, 0.11111100, 39.33332825, '2019-01-02 03:00:00'),
(43818, 5, 4.1, 28, 91, 21, 1038.64, 1, 0.11111100, 39.33332825, '2019-01-02 04:00:00'),
(43819, 5, 0.1, 85, 76, 67, 1013.36, 0, 0.11111100, 39.33332825, '2019-01-02 05:00:00'),
(43820, 5, 22.4, 57, 92, 21, 1015.57, 0, 0.11111100, 39.33332825, '2019-01-02 06:00:00'),
(43821, 5, 24.5, 56, 14, 26, 957.60, 1, 0.11111100, 39.33332825, '2019-01-02 07:00:00'),
(43822, 5, 8.6, 57, 19, 54, 983.45, 1, 0.11111100, 39.33332825, '2019-01-02 08:00:00'),
(43823, 5, 0.0, 81, 56, 42, 1039.47, 1, 0.11111100, 39.33332825, '2019-01-02 09:00:00'),
(43824, 5, 12.8, 4, 10, 42, 1042.40, 1, 0.11111100, 39.33332825, '2019-01-02 10:00:00'),
(43825, 5, 18.3, 16, 50, 13, 1048.63, 0, 0.11111100, 39.33332825, '2019-01-02 11:00:00'),
(43826, 5, 5.3, 39, 27, 27, 995.32, 1, 0.11111100, 39.33332825, '2019-01-02 12:00:00'),
(43827, 5, 6.1, 18, 19, 3, 995.26, 1, 0.11111100, 39.33332825, '2019-01-02 13:00:00'),
(43828, 5, 26.0, 43, 59, 81, 960.95, 1, 0.11111100, 39.33332825, '2019-01-02 14:00:00'),
(43829, 5, 32.3, 69, 25, 73, 981.31, 1, 0.11111100, 39.33332825, '2019-01-02 15:00:00'),
(43830, 5, 4.8, 84, 46, 92, 967.85, 1, 0.11111100, 39.33332825, '2019-01-02 16:00:00'),
(43831, 5, 31.8, 44, 88, 91, 1030.25, 1, 0.11111100, 39.33332825, '2019-01-02 17:00:00'),
(43832, 5, 27.1, 70, 15, 11, 956.36, 0, 0.11111100, 39.33332825, '2019-01-02 18:00:00'),
(43833, 5, 1.8, 76, 42, 8, 973.52, 0, 0.11111100, 39.33332825, '2019-01-02 19:00:00'),
(43834, 5, 33.6, 34, 98, 14, 1048.87, 1, 0.11111100, 39.33332825, '2019-01-02 20:00:00'),
(43835, 5, 17.0, 67, 74, 90, 960.89, 0, 0.11111100, 39.33332825, '2019-01-02 21:00:00'),
(43836, 5, 35.3, 82, 86, 78, 1013.25, 0, 0.11111100, 39.33332825, '2019-01-02 22:00:00'),
(43837, 5, 30.7, 61, 90, 90, 978.40, 1, 0.11111100, 39.33332825, '2019-01-02 23:00:00'),
(43838, 5, 29.9, 56, 98, 28, 1023.16, 1, 0.11111100, 39.33332825, '2019-01-03 00:00:00'),
(43839, 5, 14.7, 69, 2, 80, 972.78, 0, 0.11111100, 39.33332825, '2019-01-03 01:00:00'),
(43840, 5, 34.8, 58, 68, 88, 1011.62, 0, 0.11111100, 39.33332825, '2019-01-03 02:00:00'),
(43841, 5, 26.6, 10, 58, 40, 1031.80, 0, 0.11111100, 39.33332825, '2019-01-03 03:00:00'),
(43842, 5, 33.0, 52, 64, 14, 951.28, 1, 0.11111100, 39.33332825, '2019-01-03 04:00:00'),
(43843, 5, 15.3, 31, 99, 62, 997.18, 0, 0.11111100, 39.33332825, '2019-01-03 05:00:00'),
(43844, 5, 16.0, 12, 34, 66, 996.93, 0, 0.11111100, 39.33332825, '2019-01-03 06:00:00'),
(43845, 5, 36.1, 64, 86, 79, 964.85, 1, 0.11111100, 39.33332825, '2019-01-03 07:00:00'),
(43846, 5, 33.0, 82, 93, 82, 950.96, 0, 0.11111100, 39.33332825, '2019-01-03 08:00:00'),
(43847, 5, 28.7, 78, 83, 24, 1004.70, 0, 0.11111100, 39.33332825, '2019-01-03 09:00:00'),
(43848, 5, 32.3, 47, 97, 33, 976.31, 1, 0.11111100, 39.33332825, '2019-01-03 10:00:00'),
(43849, 5, 17.4, 42, 42, 18, 964.65, 1, 0.11111100, 39.33332825, '2019-01-03 11:00:00'),
(43850, 5, 27.2, 26, 58, 40, 1024.21, 1, 0.11111100, 39.33332825, '2019-01-03 12:00:00'),
(43851, 5, 29.3, 7, 34, 27, 951.25, 0, 0.11111100, 39.33332825, '2019-01-03 13:00:00'),
(43852, 5, 18.2, 37, 43, 32, 1041.70, 1, 0.11111100, 39.33332825, '2019-01-03 14:00:00'),
(43853, 5, 33.3, 85, 42, 59, 1019.04, 0, 0.11111100, 39.33332825, '2019-01-03 15:00:00'),
(43854, 5, 4.0, 32, 60, 91, 1030.25, 0, 0.11111100, 39.33332825, '2019-01-03 16:00:00'),
(43855, 5, 29.8, 98, 61, 19, 963.03, 0, 0.11111100, 39.33332825, '2019-01-03 17:00:00'),
(43856, 5, 28.5, 74, 6, 45, 1043.64, 0, 0.11111100, 39.33332825, '2019-01-03 18:00:00'),
(43857, 5, 3.0, 50, 39, 25, 1032.47, 0, 0.11111100, 39.33332825, '2019-01-03 19:00:00'),
(43858, 5, 27.9, 87, 3, 60, 1019.14, 0, 0.11111100, 39.33332825, '2019-01-03 20:00:00'),
(43859, 5, 3.5, 86, 1, 81, 1036.44, 1, 0.11111100, 39.33332825, '2019-01-03 21:00:00'),
(43860, 5, 6.5, 15, 69, 7, 1001.10, 1, 0.11111100, 39.33332825, '2019-01-03 22:00:00'),
(43861, 5, 6.3, 89, 61, 42, 1037.40, 0, 0.11111100, 39.33332825, '2019-01-03 23:00:00'),
(43862, 5, 15.9, 71, 27, 22, 1023.62, 1, 0.11111100, 39.33332825, '2019-01-04 00:00:00'),
(43863, 5, 34.3, 53, 1, 72, 1040.47, 1, 0.11111100, 39.33332825, '2019-01-04 01:00:00'),
(43864, 5, 27.5, 98, 66, 77, 1041.76, 1, 0.11111100, 39.33332825, '2019-01-04 02:00:00'),
(43865, 5, 2.2, 80, 79, 14, 1028.91, 0, 0.11111100, 39.33332825, '2019-01-04 03:00:00'),
(43866, 5, 13.4, 46, 16, 70, 982.28, 1, 0.11111100, 39.33332825, '2019-01-04 04:00:00'),
(43867, 5, 23.5, 44, 5, 66, 979.93, 1, 0.11111100, 39.33332825, '2019-01-04 05:00:00'),
(43868, 5, 26.3, 49, 1, 70, 969.11, 1, 0.11111100, 39.33332825, '2019-01-04 06:00:00'),
(43869, 5, 16.7, 69, 76, 42, 1033.78, 1, 0.11111100, 39.33332825, '2019-01-04 07:00:00'),
(43870, 5, 19.8, 57, 57, 22, 955.20, 0, 0.11111100, 39.33332825, '2019-01-04 08:00:00'),
(43871, 5, 32.3, 68, 32, 30, 996.29, 0, 0.11111100, 39.33332825, '2019-01-04 09:00:00'),
(43872, 5, 27.0, 7, 65, 72, 955.59, 1, 0.11111100, 39.33332825, '2019-01-04 10:00:00'),
(43873, 5, 3.2, 88, 86, 39, 1037.10, 1, 0.11111100, 39.33332825, '2019-01-04 11:00:00'),
(43874, 5, 11.5, 24, 95, 40, 1002.86, 1, 0.11111100, 39.33332825, '2019-01-04 12:00:00'),
(43875, 5, 36.4, 67, 90, 35, 1001.23, 1, 0.11111100, 39.33332825, '2019-01-04 13:00:00'),
(43876, 5, 28.8, 81, 7, 0, 988.33, 0, 0.11111100, 39.33332825, '2019-01-04 14:00:00'),
(43877, 5, 8.6, 0, 40, 7, 986.47, 0, 0.11111100, 39.33332825, '2019-01-04 15:00:00'),
(43878, 5, 19.0, 56, 87, 63, 977.74, 0, 0.11111100, 39.33332825, '2019-01-04 16:00:00'),
(43879, 5, 7.9, 77, 83, 27, 1004.14, 1, 0.11111100, 39.33332825, '2019-01-04 17:00:00'),
(43880, 5, 36.5, 11, 56, 79, 1032.80, 0, 0.11111100, 39.33332825, '2019-01-04 18:00:00'),
(43881, 5, 36.8, 20, 94, 57, 1010.37, 1, 0.11111100, 39.33332825, '2019-01-04 19:00:00'),
(43882, 5, 20.4, 73, 40, 17, 1022.51, 0, 0.11111100, 39.33332825, '2019-01-04 20:00:00'),
(43883, 5, 36.3, 27, 66, 88, 1018.61, 0, 0.11111100, 39.33332825, '2019-01-04 21:00:00'),
(43884, 5, 38.1, 82, 70, 80, 1040.42, 1, 0.11111100, 39.33332825, '2019-01-04 22:00:00'),
(43885, 5, 15.7, 68, 29, 33, 984.28, 0, 0.11111100, 39.33332825, '2019-01-04 23:00:00'),
(43886, 5, 11.5, 40, 31, 8, 989.70, 0, 0.11111100, 39.33332825, '2019-01-05 00:00:00'),
(43887, 5, 38.3, 56, 83, 15, 1047.66, 0, 0.11111100, 39.33332825, '2019-01-05 01:00:00'),
(43888, 5, 30.5, 28, 7, 43, 1011.23, 1, 0.11111100, 39.33332825, '2019-01-05 02:00:00'),
(43889, 5, 22.4, 100, 72, 17, 1006.73, 0, 0.11111100, 39.33332825, '2019-01-05 03:00:00'),
(43890, 5, 26.3, 86, 59, 50, 1025.74, 1, 0.11111100, 39.33332825, '2019-01-05 04:00:00'),
(43891, 5, 17.9, 56, 13, 61, 961.52, 0, 0.11111100, 39.33332825, '2019-01-05 05:00:00'),
(43892, 5, 11.2, 67, 54, 12, 1012.27, 1, 0.11111100, 39.33332825, '2019-01-05 06:00:00'),
(43893, 5, 15.1, 5, 57, 45, 995.73, 0, 0.11111100, 39.33332825, '2019-01-05 07:00:00'),
(43894, 5, 8.6, 29, 86, 78, 978.13, 1, 0.11111100, 39.33332825, '2019-01-05 08:00:00'),
(43895, 5, 38.9, 39, 54, 92, 951.27, 1, 0.11111100, 39.33332825, '2019-01-05 09:00:00'),
(43896, 5, 29.3, 8, 92, 71, 993.83, 0, 0.11111100, 39.33332825, '2019-01-05 10:00:00'),
(43897, 5, 34.8, 19, 27, 11, 978.52, 0, 0.11111100, 39.33332825, '2019-01-05 11:00:00'),
(43898, 5, 23.1, 26, 94, 17, 967.85, 0, 0.11111100, 39.33332825, '2019-01-05 12:00:00'),
(43899, 5, 13.8, 50, 47, 85, 1021.60, 0, 0.11111100, 39.33332825, '2019-01-05 13:00:00'),
(43900, 5, 29.9, 17, 43, 68, 980.71, 1, 0.11111100, 39.33332825, '2019-01-05 14:00:00'),
(43901, 5, 31.5, 72, 41, 86, 992.03, 1, 0.11111100, 39.33332825, '2019-01-05 15:00:00'),
(43902, 5, 35.9, 75, 1, 7, 967.71, 1, 0.11111100, 39.33332825, '2019-01-05 16:00:00'),
(43903, 5, 35.6, 67, 39, 29, 1034.70, 0, 0.11111100, 39.33332825, '2019-01-05 17:00:00'),
(43904, 5, 10.3, 52, 83, 12, 1009.03, 0, 0.11111100, 39.33332825, '2019-01-05 18:00:00'),
(43905, 5, 9.0, 70, 68, 47, 1009.81, 1, 0.11111100, 39.33332825, '2019-01-05 19:00:00'),
(43906, 5, 29.5, 86, 98, 42, 1041.38, 0, 0.11111100, 39.33332825, '2019-01-05 20:00:00'),
(43907, 5, 10.0, 51, 43, 1, 995.97, 0, 0.11111100, 39.33332825, '2019-01-05 21:00:00'),
(43908, 5, 3.8, 100, 98, 6, 1016.15, 1, 0.11111100, 39.33332825, '2019-01-05 22:00:00'),
(43909, 5, 10.6, 15, 47, 72, 964.50, 1, 0.11111100, 39.33332825, '2019-01-05 23:00:00'),
(43910, 5, 15.9, 87, 16, 84, 1033.30, 0, 0.11111100, 39.33332825, '2019-01-06 00:00:00'),
(43911, 5, 1.0, 78, 41, 41, 985.94, 1, 0.11111100, 39.33332825, '2019-01-06 01:00:00'),
(43912, 5, 4.5, 90, 66, 17, 1048.89, 0, 0.11111100, 39.33332825, '2019-01-06 02:00:00'),
(43913, 5, 5.4, 76, 75, 47, 982.64, 0, 0.11111100, 39.33332825, '2019-01-06 03:00:00'),
(43914, 5, 32.1, 47, 63, 50, 967.80, 1, 0.11111100, 39.33332825, '2019-01-06 04:00:00'),
(43915, 5, 32.1, 80, 31, 3, 1042.59, 0, 0.11111100, 39.33332825, '2019-01-06 05:00:00'),
(43916, 5, 25.3, 76, 90, 76, 1020.91, 0, 0.11111100, 39.33332825, '2019-01-06 06:00:00'),
(43917, 5, 38.1, 76, 18, 92, 1007.30, 0, 0.11111100, 39.33332825, '2019-01-06 07:00:00'),
(43918, 5, 25.8, 41, 42, 11, 950.10, 0, 0.11111100, 39.33332825, '2019-01-06 08:00:00'),
(43919, 5, 19.6, 25, 98, 56, 1007.28, 1, 0.11111100, 39.33332825, '2019-01-06 09:00:00'),
(43920, 5, 27.4, 10, 19, 48, 1041.04, 0, 0.11111100, 39.33332825, '2019-01-06 10:00:00'),
(43921, 5, 10.8, 20, 71, 4, 1048.20, 0, 0.11111100, 39.33332825, '2019-01-06 11:00:00'),
(43922, 5, 40.0, 92, 3, 54, 977.42, 0, 0.11111100, 39.33332825, '2019-01-06 12:00:00'),
(43923, 5, 21.0, 29, 46, 60, 976.61, 1, 0.11111100, 39.33332825, '2019-01-06 13:00:00'),
(43924, 5, 20.2, 21, 9, 22, 982.37, 1, 0.11111100, 39.33332825, '2019-01-06 14:00:00'),
(43925, 5, 19.5, 80, 33, 19, 969.67, 1, 0.11111100, 39.33332825, '2019-01-06 15:00:00'),
(43926, 5, 28.6, 94, 78, 63, 1042.42, 1, 0.11111100, 39.33332825, '2019-01-06 16:00:00'),
(43927, 5, 35.6, 40, 25, 72, 955.68, 1, 0.11111100, 39.33332825, '2019-01-06 17:00:00'),
(43928, 5, 36.9, 14, 43, 98, 956.06, 0, 0.11111100, 39.33332825, '2019-01-06 18:00:00'),
(43929, 5, 3.5, 96, 35, 58, 1030.78, 1, 0.11111100, 39.33332825, '2019-01-06 19:00:00'),
(43930, 5, 5.4, 92, 31, 85, 958.65, 1, 0.11111100, 39.33332825, '2019-01-06 20:00:00'),
(43931, 5, 9.2, 78, 68, 65, 964.95, 1, 0.11111100, 39.33332825, '2019-01-06 21:00:00'),
(43932, 5, 6.0, 53, 3, 20, 1026.07, 1, 0.11111100, 39.33332825, '2019-01-06 22:00:00'),
(43933, 5, 29.3, 50, 13, 9, 973.33, 1, 0.11111100, 39.33332825, '2019-01-06 23:00:00'),
(43934, 5, 8.8, 78, 93, 2, 979.66, 0, 0.11111100, 39.33332825, '2019-01-07 00:00:00'),
(43935, 5, 8.5, 100, 74, 46, 1046.56, 0, 0.11111100, 39.33332825, '2019-01-07 01:00:00'),
(43936, 5, 29.2, 17, 61, 28, 1032.03, 0, 0.11111100, 39.33332825, '2019-01-07 02:00:00'),
(43937, 5, 21.1, 62, 46, 78, 1035.47, 0, 0.11111100, 39.33332825, '2019-01-07 03:00:00'),
(43938, 5, 23.1, 4, 51, 4, 952.98, 0, 0.11111100, 39.33332825, '2019-01-07 04:00:00'),
(43939, 5, 36.1, 29, 96, 6, 1032.82, 1, 0.11111100, 39.33332825, '2019-01-07 05:00:00'),
(43940, 5, 23.0, 5, 74, 70, 1016.65, 0, 0.11111100, 39.33332825, '2019-01-07 06:00:00'),
(43941, 5, 2.6, 76, 3, 39, 988.96, 1, 0.11111100, 39.33332825, '2019-01-07 07:00:00'),
(43942, 5, 2.3, 26, 16, 4, 966.41, 1, 0.11111100, 39.33332825, '2019-01-07 08:00:00'),
(43943, 5, 39.4, 26, 71, 71, 982.29, 1, 0.11111100, 39.33332825, '2019-01-07 09:00:00'),
(43944, 5, 19.5, 22, 18, 64, 1015.12, 0, 0.11111100, 39.33332825, '2019-01-07 10:00:00'),
(43945, 5, 16.4, 34, 59, 56, 1029.08, 0, 0.11111100, 39.33332825, '2019-01-07 11:00:00'),
(43946, 5, 1.6, 57, 16, 67, 1043.64, 1, 0.11111100, 39.33332825, '2019-01-07 12:00:00'),
(43947, 5, 28.7, 80, 21, 62, 988.65, 1, 0.11111100, 39.33332825, '2019-01-07 13:00:00'),
(43948, 5, 30.5, 40, 43, 34, 1030.01, 0, 0.11111100, 39.33332825, '2019-01-07 14:00:00'),
(43949, 5, 14.3, 61, 61, 2, 1020.83, 1, 0.11111100, 39.33332825, '2019-01-07 15:00:00'),
(43950, 5, 13.2, 85, 65, 60, 959.09, 0, 0.11111100, 39.33332825, '2019-01-07 16:00:00'),
(43951, 5, 24.8, 78, 30, 38, 1041.51, 0, 0.11111100, 39.33332825, '2019-01-07 17:00:00'),
(43952, 5, 14.2, 35, 30, 93, 953.34, 1, 0.11111100, 39.33332825, '2019-01-07 18:00:00'),
(43953, 5, 37.7, 74, 73, 66, 985.44, 0, 0.11111100, 39.33332825, '2019-01-07 19:00:00'),
(43954, 5, 39.6, 0, 72, 77, 1041.24, 0, 0.11111100, 39.33332825, '2019-01-07 20:00:00'),
(43955, 5, 29.3, 98, 5, 26, 1038.37, 0, 0.11111100, 39.33332825, '2019-01-07 21:00:00'),
(43956, 5, 30.1, 21, 65, 13, 1010.34, 1, 0.11111100, 39.33332825, '2019-01-07 22:00:00'),
(43957, 5, 0.4, 51, 22, 72, 1039.72, 0, 0.11111100, 39.33332825, '2019-01-07 23:00:00'),
(43958, 5, 15.6, 35, 2, 68, 1043.71, 0, 0.11111100, 39.33332825, '2019-01-08 00:00:00'),
(43959, 5, 20.1, 30, 31, 88, 1019.19, 1, 0.11111100, 39.33332825, '2019-01-08 01:00:00'),
(43960, 5, 9.1, 86, 58, 67, 1033.99, 0, 0.11111100, 39.33332825, '2019-01-08 02:00:00'),
(43961, 5, 11.5, 13, 99, 32, 1015.06, 1, 0.11111100, 39.33332825, '2019-01-08 03:00:00'),
(43962, 5, 20.0, 84, 84, 36, 1020.17, 1, 0.11111100, 39.33332825, '2019-01-08 04:00:00'),
(43963, 5, 6.8, 88, 58, 65, 961.58, 1, 0.11111100, 39.33332825, '2019-01-08 05:00:00'),
(43964, 5, 8.6, 26, 97, 49, 982.81, 0, 0.11111100, 39.33332825, '2019-01-08 06:00:00'),
(43965, 5, 32.5, 45, 30, 66, 999.68, 1, 0.11111100, 39.33332825, '2019-01-08 07:00:00'),
(43966, 5, 15.0, 27, 65, 43, 978.49, 0, 0.11111100, 39.33332825, '2019-01-08 08:00:00'),
(43967, 5, 22.3, 53, 47, 44, 983.48, 0, 0.11111100, 39.33332825, '2019-01-08 09:00:00'),
(43968, 5, 31.6, 27, 44, 11, 952.39, 0, 0.11111100, 39.33332825, '2019-01-08 10:00:00'),
(43969, 5, 7.5, 9, 17, 44, 1009.76, 1, 0.11111100, 39.33332825, '2019-01-08 11:00:00'),
(43970, 5, 9.3, 7, 26, 33, 985.66, 0, 0.11111100, 39.33332825, '2019-01-08 12:00:00'),
(43971, 5, 38.9, 17, 66, 57, 1046.15, 1, 0.11111100, 39.33332825, '2019-01-08 13:00:00'),
(43972, 5, 2.8, 97, 31, 85, 1044.84, 1, 0.11111100, 39.33332825, '2019-01-08 14:00:00'),
(43973, 5, 20.3, 35, 69, 62, 1047.03, 0, 0.11111100, 39.33332825, '2019-01-08 15:00:00'),
(43974, 5, 36.7, 20, 11, 85, 1021.30, 1, 0.11111100, 39.33332825, '2019-01-08 16:00:00'),
(43975, 5, 5.1, 97, 55, 77, 1032.16, 1, 0.11111100, 39.33332825, '2019-01-08 17:00:00'),
(43976, 5, 27.5, 42, 69, 77, 1005.52, 0, 0.11111100, 39.33332825, '2019-01-08 18:00:00'),
(43977, 5, 14.8, 36, 1, 83, 1046.04, 0, 0.11111100, 39.33332825, '2019-01-08 19:00:00'),
(43978, 5, 1.3, 75, 45, 38, 961.50, 0, 0.11111100, 39.33332825, '2019-01-08 20:00:00'),
(43979, 5, 29.8, 34, 41, 32, 1043.33, 1, 0.11111100, 39.33332825, '2019-01-08 21:00:00'),
(43980, 5, 26.3, 84, 19, 63, 983.99, 1, 0.11111100, 39.33332825, '2019-01-08 22:00:00'),
(43981, 5, 12.9, 52, 11, 92, 998.05, 0, 0.11111100, 39.33332825, '2019-01-08 23:00:00'),
(43982, 6, 15.0, 84, 34, 40, 986.78, 0, 0.11111100, 39.33332825, '2019-01-02 00:00:00'),
(43983, 6, 17.2, 95, 0, 15, 962.44, 0, 0.11111100, 39.33332825, '2019-01-02 01:00:00'),
(43984, 6, 32.9, 82, 82, 78, 955.47, 1, 0.11111100, 39.33332825, '2019-01-02 02:00:00'),
(43985, 6, 9.5, 13, 85, 22, 989.34, 1, 0.11111100, 39.33332825, '2019-01-02 03:00:00'),
(43986, 6, 25.1, 59, 20, 55, 987.20, 0, 0.11111100, 39.33332825, '2019-01-02 04:00:00'),
(43987, 6, 5.0, 78, 0, 97, 1031.41, 1, 0.11111100, 39.33332825, '2019-01-02 05:00:00'),
(43988, 6, 31.2, 96, 43, 16, 1016.07, 1, 0.11111100, 39.33332825, '2019-01-02 06:00:00'),
(43989, 6, 30.0, 59, 18, 13, 1033.81, 1, 0.11111100, 39.33332825, '2019-01-02 07:00:00'),
(43990, 6, 18.2, 50, 70, 17, 1026.50, 1, 0.11111100, 39.33332825, '2019-01-02 08:00:00'),
(43991, 6, 9.6, 77, 55, 79, 1001.52, 1, 0.11111100, 39.33332825, '2019-01-02 09:00:00'),
(43992, 6, 31.6, 55, 39, 42, 989.00, 1, 0.11111100, 39.33332825, '2019-01-02 10:00:00'),
(43993, 6, 38.0, 44, 91, 16, 950.91, 0, 0.11111100, 39.33332825, '2019-01-02 11:00:00'),
(43994, 6, 21.7, 44, 24, 5, 1024.09, 1, 0.11111100, 39.33332825, '2019-01-02 12:00:00'),
(43995, 6, 38.7, 94, 58, 74, 994.60, 1, 0.11111100, 39.33332825, '2019-01-02 13:00:00'),
(43996, 6, 30.7, 1, 95, 21, 997.86, 0, 0.11111100, 39.33332825, '2019-01-02 14:00:00'),
(43997, 6, 37.6, 90, 77, 83, 980.45, 1, 0.11111100, 39.33332825, '2019-01-02 15:00:00'),
(43998, 6, 19.3, 100, 41, 25, 974.18, 0, 0.11111100, 39.33332825, '2019-01-02 16:00:00'),
(43999, 6, 7.3, 33, 25, 51, 994.14, 1, 0.11111100, 39.33332825, '2019-01-02 17:00:00'),
(44000, 6, 3.9, 95, 55, 9, 966.41, 0, 0.11111100, 39.33332825, '2019-01-02 18:00:00'),
(44001, 6, 7.9, 26, 75, 73, 1020.22, 0, 0.11111100, 39.33332825, '2019-01-02 19:00:00'),
(44002, 6, 23.7, 83, 86, 22, 1033.46, 1, 0.11111100, 39.33332825, '2019-01-02 20:00:00'),
(44003, 6, 27.6, 93, 95, 75, 996.24, 1, 0.11111100, 39.33332825, '2019-01-02 21:00:00'),
(44004, 6, 24.2, 85, 64, 68, 1047.69, 0, 0.11111100, 39.33332825, '2019-01-02 22:00:00'),
(44005, 6, 25.3, 47, 100, 86, 1014.27, 0, 0.11111100, 39.33332825, '2019-01-02 23:00:00'),
(44006, 6, 13.5, 100, 68, 77, 989.13, 1, 0.11111100, 39.33332825, '2019-01-03 00:00:00'),
(44007, 6, 23.4, 99, 60, 17, 1008.98, 1, 0.11111100, 39.33332825, '2019-01-03 01:00:00'),
(44008, 6, 4.4, 10, 31, 9, 971.59, 1, 0.11111100, 39.33332825, '2019-01-03 02:00:00'),
(44009, 6, 32.0, 38, 10, 7, 1036.47, 0, 0.11111100, 39.33332825, '2019-01-03 03:00:00'),
(44010, 6, 17.7, 3, 85, 59, 1018.20, 0, 0.11111100, 39.33332825, '2019-01-03 04:00:00'),
(44011, 6, 25.4, 45, 72, 50, 1007.84, 0, 0.11111100, 39.33332825, '2019-01-03 05:00:00'),
(44012, 6, 32.1, 36, 27, 84, 987.03, 0, 0.11111100, 39.33332825, '2019-01-03 06:00:00'),
(44013, 6, 12.1, 47, 52, 3, 984.97, 0, 0.11111100, 39.33332825, '2019-01-03 07:00:00'),
(44014, 6, 36.7, 71, 15, 2, 1012.61, 1, 0.11111100, 39.33332825, '2019-01-03 08:00:00'),
(44015, 6, 37.2, 50, 39, 46, 1046.50, 1, 0.11111100, 39.33332825, '2019-01-03 09:00:00'),
(44016, 6, 10.4, 6, 37, 30, 978.15, 0, 0.11111100, 39.33332825, '2019-01-03 10:00:00'),
(44017, 6, 14.7, 11, 14, 96, 1045.26, 1, 0.11111100, 39.33332825, '2019-01-03 11:00:00'),
(44018, 6, 26.5, 33, 68, 28, 1049.53, 0, 0.11111100, 39.33332825, '2019-01-03 12:00:00'),
(44019, 6, 5.9, 21, 58, 8, 1010.39, 1, 0.11111100, 39.33332825, '2019-01-03 13:00:00'),
(44020, 6, 21.6, 16, 43, 36, 1015.21, 0, 0.11111100, 39.33332825, '2019-01-03 14:00:00'),
(44021, 6, 36.5, 13, 82, 22, 1019.15, 1, 0.11111100, 39.33332825, '2019-01-03 15:00:00'),
(44022, 6, 17.7, 3, 74, 23, 971.37, 0, 0.11111100, 39.33332825, '2019-01-03 16:00:00'),
(44023, 6, 14.6, 13, 8, 11, 1045.92, 0, 0.11111100, 39.33332825, '2019-01-03 17:00:00'),
(44024, 6, 31.2, 64, 71, 0, 972.68, 0, 0.11111100, 39.33332825, '2019-01-03 18:00:00'),
(44025, 6, 27.1, 79, 37, 44, 1004.43, 0, 0.11111100, 39.33332825, '2019-01-03 19:00:00'),
(44026, 6, 30.0, 90, 44, 97, 1027.77, 1, 0.11111100, 39.33332825, '2019-01-03 20:00:00'),
(44027, 6, 4.9, 86, 20, 93, 995.43, 1, 0.11111100, 39.33332825, '2019-01-03 21:00:00'),
(44028, 6, 9.9, 99, 92, 33, 1027.36, 0, 0.11111100, 39.33332825, '2019-01-03 22:00:00'),
(44029, 6, 37.6, 10, 50, 60, 1032.65, 0, 0.11111100, 39.33332825, '2019-01-03 23:00:00'),
(44030, 6, 1.6, 49, 28, 71, 976.42, 1, 0.11111100, 39.33332825, '2019-01-04 00:00:00'),
(44031, 6, 13.9, 97, 16, 19, 1031.36, 0, 0.11111100, 39.33332825, '2019-01-04 01:00:00'),
(44032, 6, 12.0, 28, 7, 55, 954.66, 0, 0.11111100, 39.33332825, '2019-01-04 02:00:00'),
(44033, 6, 30.1, 92, 48, 51, 1035.12, 1, 0.11111100, 39.33332825, '2019-01-04 03:00:00'),
(44034, 6, 33.4, 68, 91, 90, 1034.71, 1, 0.11111100, 39.33332825, '2019-01-04 04:00:00'),
(44035, 6, 21.1, 58, 61, 86, 972.36, 0, 0.11111100, 39.33332825, '2019-01-04 05:00:00'),
(44036, 6, 19.9, 17, 29, 58, 958.36, 1, 0.11111100, 39.33332825, '2019-01-04 06:00:00'),
(44037, 6, 31.9, 55, 53, 4, 981.58, 1, 0.11111100, 39.33332825, '2019-01-04 07:00:00'),
(44038, 6, 19.6, 52, 5, 19, 991.57, 1, 0.11111100, 39.33332825, '2019-01-04 08:00:00'),
(44039, 6, 22.8, 57, 19, 49, 998.04, 1, 0.11111100, 39.33332825, '2019-01-04 09:00:00'),
(44040, 6, 18.8, 1, 39, 14, 1020.65, 0, 0.11111100, 39.33332825, '2019-01-04 10:00:00'),
(44041, 6, 27.6, 39, 58, 55, 990.61, 1, 0.11111100, 39.33332825, '2019-01-04 11:00:00'),
(44042, 6, 28.0, 45, 67, 43, 1018.98, 1, 0.11111100, 39.33332825, '2019-01-04 12:00:00'),
(44043, 6, 38.1, 18, 56, 35, 1022.16, 1, 0.11111100, 39.33332825, '2019-01-04 13:00:00'),
(44044, 6, 0.9, 39, 19, 21, 980.12, 1, 0.11111100, 39.33332825, '2019-01-04 14:00:00'),
(44045, 6, 2.3, 3, 98, 88, 989.72, 0, 0.11111100, 39.33332825, '2019-01-04 15:00:00'),
(44046, 6, 9.1, 49, 59, 22, 1016.25, 1, 0.11111100, 39.33332825, '2019-01-04 16:00:00'),
(44047, 6, 34.6, 53, 91, 19, 995.14, 0, 0.11111100, 39.33332825, '2019-01-04 17:00:00'),
(44048, 6, 11.5, 82, 2, 29, 973.10, 1, 0.11111100, 39.33332825, '2019-01-04 18:00:00'),
(44049, 6, 38.1, 69, 94, 56, 981.38, 1, 0.11111100, 39.33332825, '2019-01-04 19:00:00'),
(44050, 6, 25.3, 20, 6, 45, 1027.51, 1, 0.11111100, 39.33332825, '2019-01-04 20:00:00'),
(44051, 6, 26.5, 40, 95, 49, 962.40, 1, 0.11111100, 39.33332825, '2019-01-04 21:00:00'),
(44052, 6, 18.5, 36, 16, 12, 974.67, 0, 0.11111100, 39.33332825, '2019-01-04 22:00:00'),
(44053, 6, 16.0, 19, 24, 13, 973.08, 1, 0.11111100, 39.33332825, '2019-01-04 23:00:00'),
(44054, 6, 34.2, 8, 93, 100, 977.18, 0, 0.11111100, 39.33332825, '2019-01-05 00:00:00'),
(44055, 6, 23.9, 70, 3, 45, 1013.96, 1, 0.11111100, 39.33332825, '2019-01-05 01:00:00'),
(44056, 6, 38.9, 4, 87, 64, 1020.27, 0, 0.11111100, 39.33332825, '2019-01-05 02:00:00'),
(44057, 6, 25.0, 73, 49, 32, 1000.92, 1, 0.11111100, 39.33332825, '2019-01-05 03:00:00'),
(44058, 6, 17.4, 90, 49, 47, 974.35, 0, 0.11111100, 39.33332825, '2019-01-05 04:00:00'),
(44059, 6, 4.6, 16, 90, 11, 1007.71, 1, 0.11111100, 39.33332825, '2019-01-05 05:00:00'),
(44060, 6, 16.1, 31, 18, 48, 1015.71, 0, 0.11111100, 39.33332825, '2019-01-05 06:00:00'),
(44061, 6, 27.2, 68, 82, 3, 1012.73, 0, 0.11111100, 39.33332825, '2019-01-05 07:00:00'),
(44062, 6, 7.7, 12, 40, 82, 988.91, 1, 0.11111100, 39.33332825, '2019-01-05 08:00:00'),
(44063, 6, 37.1, 9, 30, 92, 978.98, 1, 0.11111100, 39.33332825, '2019-01-05 09:00:00'),
(44064, 6, 8.5, 84, 92, 92, 973.69, 0, 0.11111100, 39.33332825, '2019-01-05 10:00:00'),
(44065, 6, 13.8, 49, 31, 65, 1009.92, 0, 0.11111100, 39.33332825, '2019-01-05 11:00:00'),
(44066, 6, 22.9, 6, 70, 7, 1044.73, 1, 0.11111100, 39.33332825, '2019-01-05 12:00:00'),
(44067, 6, 22.8, 19, 88, 90, 994.67, 1, 0.11111100, 39.33332825, '2019-01-05 13:00:00'),
(44068, 6, 28.2, 93, 94, 65, 978.11, 1, 0.11111100, 39.33332825, '2019-01-05 14:00:00'),
(44069, 6, 8.1, 28, 4, 45, 1022.08, 1, 0.11111100, 39.33332825, '2019-01-05 15:00:00'),
(44070, 6, 12.9, 21, 0, 41, 957.02, 0, 0.11111100, 39.33332825, '2019-01-05 16:00:00'),
(44071, 6, 1.7, 88, 31, 96, 981.68, 0, 0.11111100, 39.33332825, '2019-01-05 17:00:00'),
(44072, 6, 15.2, 80, 80, 0, 1013.00, 1, 0.11111100, 39.33332825, '2019-01-05 18:00:00'),
(44073, 6, 36.8, 31, 50, 82, 1014.42, 1, 0.11111100, 39.33332825, '2019-01-05 19:00:00'),
(44074, 6, 22.2, 67, 30, 16, 1023.06, 1, 0.11111100, 39.33332825, '2019-01-05 20:00:00'),
(44075, 6, 15.1, 39, 45, 98, 1022.72, 1, 0.11111100, 39.33332825, '2019-01-05 21:00:00'),
(44076, 6, 12.5, 51, 30, 90, 1031.93, 0, 0.11111100, 39.33332825, '2019-01-05 22:00:00'),
(44077, 6, 16.9, 74, 31, 5, 1044.55, 0, 0.11111100, 39.33332825, '2019-01-05 23:00:00'),
(44078, 6, 35.6, 18, 95, 32, 951.76, 0, 0.11111100, 39.33332825, '2019-01-06 00:00:00'),
(44079, 6, 23.6, 85, 33, 75, 972.93, 0, 0.11111100, 39.33332825, '2019-01-06 01:00:00'),
(44080, 6, 38.9, 3, 28, 25, 954.97, 0, 0.11111100, 39.33332825, '2019-01-06 02:00:00'),
(44081, 6, 37.2, 57, 93, 92, 1046.84, 1, 0.11111100, 39.33332825, '2019-01-06 03:00:00'),
(44082, 6, 35.9, 41, 23, 54, 987.77, 0, 0.11111100, 39.33332825, '2019-01-06 04:00:00'),
(44083, 6, 13.6, 20, 59, 9, 1048.28, 0, 0.11111100, 39.33332825, '2019-01-06 05:00:00'),
(44084, 6, 28.2, 88, 64, 69, 983.03, 0, 0.11111100, 39.33332825, '2019-01-06 06:00:00'),
(44085, 6, 11.4, 87, 51, 18, 1037.17, 0, 0.11111100, 39.33332825, '2019-01-06 07:00:00'),
(44086, 6, 9.5, 38, 37, 6, 995.78, 1, 0.11111100, 39.33332825, '2019-01-06 08:00:00'),
(44087, 6, 35.7, 48, 97, 91, 1036.86, 1, 0.11111100, 39.33332825, '2019-01-06 09:00:00'),
(44088, 6, 20.5, 75, 77, 46, 1033.62, 1, 0.11111100, 39.33332825, '2019-01-06 10:00:00'),
(44089, 6, 28.8, 100, 28, 17, 1005.32, 1, 0.11111100, 39.33332825, '2019-01-06 11:00:00'),
(44090, 6, 11.8, 80, 80, 3, 1048.52, 1, 0.11111100, 39.33332825, '2019-01-06 12:00:00'),
(44091, 6, 30.3, 51, 71, 62, 988.70, 0, 0.11111100, 39.33332825, '2019-01-06 13:00:00'),
(44092, 6, 21.6, 12, 13, 90, 952.66, 0, 0.11111100, 39.33332825, '2019-01-06 14:00:00'),
(44093, 6, 0.2, 39, 24, 6, 1013.54, 1, 0.11111100, 39.33332825, '2019-01-06 15:00:00'),
(44094, 6, 2.9, 55, 81, 28, 1044.75, 0, 0.11111100, 39.33332825, '2019-01-06 16:00:00'),
(44095, 6, 20.2, 6, 4, 52, 1047.40, 1, 0.11111100, 39.33332825, '2019-01-06 17:00:00'),
(44096, 6, 23.8, 23, 53, 32, 954.24, 1, 0.11111100, 39.33332825, '2019-01-06 18:00:00'),
(44097, 6, 36.1, 17, 74, 2, 1032.52, 0, 0.11111100, 39.33332825, '2019-01-06 19:00:00'),
(44098, 6, 34.5, 93, 69, 15, 957.19, 0, 0.11111100, 39.33332825, '2019-01-06 20:00:00'),
(44099, 6, 13.7, 90, 42, 33, 1041.71, 0, 0.11111100, 39.33332825, '2019-01-06 21:00:00'),
(44100, 6, 37.2, 75, 7, 63, 961.74, 0, 0.11111100, 39.33332825, '2019-01-06 22:00:00'),
(44101, 6, 13.5, 69, 99, 68, 995.44, 0, 0.11111100, 39.33332825, '2019-01-06 23:00:00'),
(44102, 6, 36.9, 46, 91, 33, 954.96, 1, 0.11111100, 39.33332825, '2019-01-07 00:00:00'),
(44103, 6, 13.7, 42, 27, 81, 976.92, 0, 0.11111100, 39.33332825, '2019-01-07 01:00:00'),
(44104, 6, 8.0, 44, 23, 58, 963.29, 1, 0.11111100, 39.33332825, '2019-01-07 02:00:00'),
(44105, 6, 6.8, 1, 33, 62, 1033.52, 0, 0.11111100, 39.33332825, '2019-01-07 03:00:00'),
(44106, 6, 25.9, 87, 39, 16, 1046.02, 0, 0.11111100, 39.33332825, '2019-01-07 04:00:00'),
(44107, 6, 6.5, 45, 18, 23, 1041.69, 0, 0.11111100, 39.33332825, '2019-01-07 05:00:00'),
(44108, 6, 11.6, 73, 22, 97, 954.92, 1, 0.11111100, 39.33332825, '2019-01-07 06:00:00'),
(44109, 6, 5.7, 85, 57, 21, 974.72, 0, 0.11111100, 39.33332825, '2019-01-07 07:00:00'),
(44110, 6, 28.9, 6, 26, 47, 968.92, 0, 0.11111100, 39.33332825, '2019-01-07 08:00:00'),
(44111, 6, 36.7, 93, 83, 97, 1049.10, 1, 0.11111100, 39.33332825, '2019-01-07 09:00:00'),
(44112, 6, 10.0, 37, 98, 0, 959.80, 0, 0.11111100, 39.33332825, '2019-01-07 10:00:00'),
(44113, 6, 37.5, 73, 56, 93, 988.18, 1, 0.11111100, 39.33332825, '2019-01-07 11:00:00'),
(44114, 6, 0.8, 24, 67, 75, 1038.71, 1, 0.11111100, 39.33332825, '2019-01-07 12:00:00'),
(44115, 6, 26.9, 64, 31, 66, 981.70, 1, 0.11111100, 39.33332825, '2019-01-07 13:00:00'),
(44116, 6, 7.4, 28, 51, 32, 965.80, 0, 0.11111100, 39.33332825, '2019-01-07 14:00:00'),
(44117, 6, 5.3, 52, 87, 32, 958.38, 1, 0.11111100, 39.33332825, '2019-01-07 15:00:00'),
(44118, 6, 26.6, 52, 51, 40, 1024.41, 0, 0.11111100, 39.33332825, '2019-01-07 16:00:00'),
(44119, 6, 22.3, 79, 22, 79, 953.59, 0, 0.11111100, 39.33332825, '2019-01-07 17:00:00'),
(44120, 6, 19.2, 91, 43, 59, 979.32, 1, 0.11111100, 39.33332825, '2019-01-07 18:00:00'),
(44121, 6, 12.8, 78, 43, 9, 1030.90, 0, 0.11111100, 39.33332825, '2019-01-07 19:00:00'),
(44122, 6, 29.8, 33, 61, 43, 988.43, 0, 0.11111100, 39.33332825, '2019-01-07 20:00:00'),
(44123, 6, 0.9, 56, 88, 67, 1017.69, 1, 0.11111100, 39.33332825, '2019-01-07 21:00:00'),
(44124, 6, 30.2, 25, 36, 87, 1045.72, 1, 0.11111100, 39.33332825, '2019-01-07 22:00:00'),
(44125, 6, 26.1, 61, 20, 56, 988.84, 1, 0.11111100, 39.33332825, '2019-01-07 23:00:00'),
(44126, 6, 27.6, 88, 12, 89, 1021.35, 1, 0.11111100, 39.33332825, '2019-01-08 00:00:00'),
(44127, 6, 39.9, 0, 57, 82, 1012.55, 0, 0.11111100, 39.33332825, '2019-01-08 01:00:00'),
(44128, 6, 29.5, 33, 40, 72, 1018.27, 0, 0.11111100, 39.33332825, '2019-01-08 02:00:00'),
(44129, 6, 39.7, 68, 65, 18, 1010.77, 0, 0.11111100, 39.33332825, '2019-01-08 03:00:00'),
(44130, 6, 23.6, 98, 64, 47, 988.63, 1, 0.11111100, 39.33332825, '2019-01-08 04:00:00'),
(44131, 6, 6.2, 75, 54, 18, 1018.80, 0, 0.11111100, 39.33332825, '2019-01-08 05:00:00'),
(44132, 6, 29.2, 46, 64, 100, 957.96, 1, 0.11111100, 39.33332825, '2019-01-08 06:00:00'),
(44133, 6, 11.4, 41, 33, 42, 956.08, 0, 0.11111100, 39.33332825, '2019-01-08 07:00:00'),
(44134, 6, 37.8, 57, 78, 97, 976.81, 0, 0.11111100, 39.33332825, '2019-01-08 08:00:00'),
(44135, 6, 36.6, 66, 52, 85, 976.55, 0, 0.11111100, 39.33332825, '2019-01-08 09:00:00'),
(44136, 6, 34.4, 21, 83, 71, 1045.47, 0, 0.11111100, 39.33332825, '2019-01-08 10:00:00'),
(44137, 6, 15.3, 73, 29, 7, 1037.10, 0, 0.11111100, 39.33332825, '2019-01-08 11:00:00'),
(44138, 6, 28.8, 98, 24, 16, 1018.19, 0, 0.11111100, 39.33332825, '2019-01-08 12:00:00'),
(44139, 6, 14.8, 65, 41, 59, 955.88, 1, 0.11111100, 39.33332825, '2019-01-08 13:00:00'),
(44140, 6, 16.9, 64, 4, 77, 990.16, 1, 0.11111100, 39.33332825, '2019-01-08 14:00:00'),
(44141, 6, 18.5, 95, 78, 47, 983.79, 1, 0.11111100, 39.33332825, '2019-01-08 15:00:00'),
(44142, 6, 13.0, 11, 98, 42, 969.32, 0, 0.11111100, 39.33332825, '2019-01-08 16:00:00'),
(44143, 6, 36.8, 59, 29, 44, 1023.79, 1, 0.11111100, 39.33332825, '2019-01-08 17:00:00'),
(44144, 6, 10.3, 49, 27, 87, 1008.24, 1, 0.11111100, 39.33332825, '2019-01-08 18:00:00'),
(44145, 6, 4.6, 2, 38, 65, 1018.96, 1, 0.11111100, 39.33332825, '2019-01-08 19:00:00'),
(44146, 6, 38.6, 100, 80, 83, 954.24, 0, 0.11111100, 39.33332825, '2019-01-08 20:00:00'),
(44147, 6, 24.9, 12, 17, 15, 950.80, 1, 0.11111100, 39.33332825, '2019-01-08 21:00:00'),
(44148, 6, 15.7, 54, 34, 94, 1045.97, 0, 0.11111100, 39.33332825, '2019-01-08 22:00:00'),
(44149, 6, 1.8, 87, 81, 32, 1033.85, 1, 0.11111100, 39.33332825, '2019-01-08 23:00:00');

-- --------------------------------------------------------

--
-- Estructura de tabla para la tabla `parcelas`
--

DROP TABLE IF EXISTS `parcelas`;
CREATE TABLE `parcelas` (
  `id_parcela` int(11) NOT NULL,
  `nombre_par` varchar(255) COLLATE utf8_spanish_ci DEFAULT NULL,
  `descripcion` varchar(255) COLLATE utf8_spanish_ci DEFAULT NULL,
  `color` varchar(255) COLLATE utf8_spanish_ci DEFAULT NULL,
  `fecha_alta` datetime NOT NULL
) ENGINE=InnoDB DEFAULT CHARSET=utf8 COLLATE=utf8_spanish_ci;

--
-- Volcado de datos para la tabla `parcelas`
--

INSERT INTO `parcelas` (`id_parcela`, `nombre_par`, `descripcion`, `color`, `fecha_alta`) VALUES
(1, 'Parcela de Gandía', NULL, 'Green', '2019-03-17 00:00:00'),
(2, 'Parcela de Marines', NULL, 'Blue', '2019-03-17 00:00:00'),
(3, 'PARCELA THREE', NULL, 'Yellow', '2019-03-17 00:00:00');

-- --------------------------------------------------------

--
-- Estructura de tabla para la tabla `perteneceparcela`
--

DROP TABLE IF EXISTS `perteneceparcela`;
CREATE TABLE `perteneceparcela` (
  `id_pertenece` int(11) NOT NULL,
  `id_usuario` int(11) NOT NULL,
  `id_parcela` int(11) NOT NULL
) ENGINE=InnoDB DEFAULT CHARSET=utf8 COLLATE=utf8_spanish_ci;

--
-- Volcado de datos para la tabla `perteneceparcela`
--

INSERT INTO `perteneceparcela` (`id_pertenece`, `id_usuario`, `id_parcela`) VALUES
(1, 1, 1),
(2, 1, 2),
(3, 2, 3),
(4, 19, 3);

-- --------------------------------------------------------

--
-- Estructura de tabla para la tabla `roles`
--

DROP TABLE IF EXISTS `roles`;
CREATE TABLE `roles` (
  `id_rol` int(11) NOT NULL,
  `nombre` varchar(255) COLLATE utf8_spanish_ci NOT NULL,
  `per_escritura` tinyint(1) DEFAULT NULL
) ENGINE=InnoDB DEFAULT CHARSET=utf8 COLLATE=utf8_spanish_ci;

--
-- Volcado de datos para la tabla `roles`
--

INSERT INTO `roles` (`id_rol`, `nombre`, `per_escritura`) VALUES
(1, 'Usuario', NULL),
(2, 'Administrador', NULL);

-- --------------------------------------------------------

--
-- Estructura de tabla para la tabla `sensores`
--

DROP TABLE IF EXISTS `sensores`;
CREATE TABLE `sensores` (
  `id_sensor` int(11) NOT NULL,
  `id_parcela` int(11) NOT NULL,
  `lat` float(12,8) NOT NULL,
  `lng` float(12,8) NOT NULL,
  `numero_de_serie` varchar(255) COLLATE utf8_spanish_ci NOT NULL,
  `nombre_sensor` varchar(255) COLLATE utf8_spanish_ci DEFAULT NULL,
  `en_incidencia` tinyint(1) DEFAULT NULL
) ENGINE=InnoDB DEFAULT CHARSET=utf8 COLLATE=utf8_spanish_ci;

--
-- Volcado de datos para la tabla `sensores`
--

INSERT INTO `sensores` (`id_sensor`, `id_parcela`, `lat`, `lng`, `numero_de_serie`, `nombre_sensor`, `en_incidencia`) VALUES
(1, 1, 39.70900726, -0.60700202, '4A5D7E1V2H', NULL, NULL),
(2, 1, 39.70838547, -0.60714400, '6F1B44SE8T', NULL, NULL),
(3, 2, 39.70848083, -0.60563397, '8T5J1D3SX4', NULL, NULL),
(4, 2, 39.70814896, -0.60487598, '5AC1T8J6M3', NULL, NULL),
(5, 3, 39.70767975, -0.60566300, '5GB1V2C3D6', NULL, NULL),
(6, 3, 39.70698929, -0.60570198, '5DJ4M1S2W6', NULL, NULL);

-- --------------------------------------------------------

--
-- Estructura de tabla para la tabla `usuarios`
--

DROP TABLE IF EXISTS `usuarios`;
CREATE TABLE `usuarios` (
  `id_usuario` int(11) NOT NULL,
  `email` varchar(255) COLLATE utf8_spanish_ci NOT NULL,
  `contrasenya` varchar(255) COLLATE utf8_spanish_ci NOT NULL,
  `id_rol` int(11) NOT NULL,
  `id_cli` int(11) DEFAULT NULL,
  `fecha_alta` datetime NOT NULL,
  `nombre_usu` varchar(50) COLLATE utf8_spanish_ci DEFAULT NULL
) ENGINE=InnoDB DEFAULT CHARSET=utf8 COLLATE=utf8_spanish_ci;

--
-- Volcado de datos para la tabla `usuarios`
--

INSERT INTO `usuarios` (`id_usuario`, `email`, `contrasenya`, `id_rol`, `id_cli`, `fecha_alta`, `nombre_usu`) VALUES
(1, 'admin@admin.com', '123456', 1, 1, '2019-04-01 12:00:00', NULL),
(19, 'eaeaea7@gmail.com', '222222', 1, 1, '2019-03-17 00:00:00', '');

-- --------------------------------------------------------

--
-- Estructura de tabla para la tabla `vertices`
--

DROP TABLE IF EXISTS `vertices`;
CREATE TABLE `vertices` (
  `id_vertice` int(11) NOT NULL,
  `id_parcela` int(11) NOT NULL,
  `lat` float(11,8) NOT NULL,
  `lng` float(11,8) NOT NULL
) ENGINE=InnoDB DEFAULT CHARSET=utf8 COLLATE=utf8_spanish_ci;

--
-- Volcado de datos para la tabla `vertices`
--

INSERT INTO `vertices` (`id_vertice`, `id_parcela`, `lat`, `lng`) VALUES
(13, 1, 39.70972443, -0.60768098),
(14, 1, 39.70883942, -0.60786700),
(15, 1, 39.70803833, -0.60790402),
(16, 1, 39.70769882, -0.60647899),
(17, 1, 39.70841980, -0.60634500),
(18, 1, 39.70893478, -0.60601401),
(19, 2, 39.70842743, -0.60633600),
(20, 2, 39.70758057, -0.60444099),
(21, 2, 39.70785522, -0.60413098),
(22, 2, 39.70809937, -0.60406101),
(23, 2, 39.70896530, -0.60596001),
(24, 3, 39.70838547, -0.60631502),
(25, 3, 39.70777512, -0.60485798),
(26, 3, 39.70638657, -0.60513300),
(27, 3, 39.70661926, -0.60637599),
(28, 3, 39.70762253, -0.60633397),
(29, 3, 39.70766830, -0.60644799);

--
-- Índices para tablas volcadas
--

--
-- Indices de la tabla `clientes`
--
ALTER TABLE `clientes`
  ADD PRIMARY KEY (`id_cliente`);

--
-- Indices de la tabla `eventos`
--
ALTER TABLE `eventos`
  ADD PRIMARY KEY (`id_evento`);

--
-- Indices de la tabla `mediciones`
--
ALTER TABLE `mediciones`
  ADD PRIMARY KEY (`idMed`);

--
-- Indices de la tabla `parcelas`
--
ALTER TABLE `parcelas`
  ADD PRIMARY KEY (`id_parcela`);

--
-- Indices de la tabla `perteneceparcela`
--
ALTER TABLE `perteneceparcela`
  ADD PRIMARY KEY (`id_pertenece`,`id_usuario`,`id_parcela`);

--
-- Indices de la tabla `roles`
--
ALTER TABLE `roles`
  ADD PRIMARY KEY (`id_rol`);

--
-- Indices de la tabla `sensores`
--
ALTER TABLE `sensores`
  ADD PRIMARY KEY (`id_sensor`);

--
-- Indices de la tabla `usuarios`
--
ALTER TABLE `usuarios`
  ADD PRIMARY KEY (`id_usuario`);

--
-- Indices de la tabla `vertices`
--
ALTER TABLE `vertices`
  ADD PRIMARY KEY (`id_vertice`);

--
-- AUTO_INCREMENT de las tablas volcadas
--

--
-- AUTO_INCREMENT de la tabla `clientes`
--
ALTER TABLE `clientes`
  MODIFY `id_cliente` int(11) NOT NULL AUTO_INCREMENT, AUTO_INCREMENT=2;

--
-- AUTO_INCREMENT de la tabla `eventos`
--
ALTER TABLE `eventos`
  MODIFY `id_evento` int(11) NOT NULL AUTO_INCREMENT, AUTO_INCREMENT=4;

--
-- AUTO_INCREMENT de la tabla `mediciones`
--
ALTER TABLE `mediciones`
  MODIFY `idMed` int(11) NOT NULL AUTO_INCREMENT, AUTO_INCREMENT=44150;

--
-- AUTO_INCREMENT de la tabla `parcelas`
--
ALTER TABLE `parcelas`
  MODIFY `id_parcela` int(11) NOT NULL AUTO_INCREMENT, AUTO_INCREMENT=4;

--
-- AUTO_INCREMENT de la tabla `perteneceparcela`
--
ALTER TABLE `perteneceparcela`
  MODIFY `id_pertenece` int(11) NOT NULL AUTO_INCREMENT, AUTO_INCREMENT=5;

--
-- AUTO_INCREMENT de la tabla `roles`
--
ALTER TABLE `roles`
  MODIFY `id_rol` int(11) NOT NULL AUTO_INCREMENT, AUTO_INCREMENT=3;

--
-- AUTO_INCREMENT de la tabla `sensores`
--
ALTER TABLE `sensores`
  MODIFY `id_sensor` int(11) NOT NULL AUTO_INCREMENT, AUTO_INCREMENT=7;

--
-- AUTO_INCREMENT de la tabla `usuarios`
--
ALTER TABLE `usuarios`
  MODIFY `id_usuario` int(11) NOT NULL AUTO_INCREMENT, AUTO_INCREMENT=20;

--
-- AUTO_INCREMENT de la tabla `vertices`
--
ALTER TABLE `vertices`
  MODIFY `id_vertice` int(11) NOT NULL AUTO_INCREMENT, AUTO_INCREMENT=30;
COMMIT;

/*!40101 SET CHARACTER_SET_CLIENT=@OLD_CHARACTER_SET_CLIENT */;
/*!40101 SET CHARACTER_SET_RESULTS=@OLD_CHARACTER_SET_RESULTS */;
/*!40101 SET COLLATION_CONNECTION=@OLD_COLLATION_CONNECTION */;
